anio,mes,region,prov,BIODIESEL,energia_gen
2011,1,LITORAL,BUENOS AIRES,True,0.0
2011,1,LITORAL,BUENOS AIRES,True,0.0
2011,1,CUYO,MENDOZA,True,0.0
2011,1,CUYO,MENDOZA,True,0.0
2011,1,GRAN BS.AS.,BUENOS AIRES,True,0.0
2011,1,GRAN BS.AS.,BUENOS AIRES,True,0.0
2011,1,LITORAL,BUENOS AIRES,True,0.0
2011,2,LITORAL,BUENOS AIRES,True,0.0
2011,2,LITORAL,BUENOS AIRES,True,0.0
2011,2,CUYO,MENDOZA,True,0.0
2011,2,CUYO,MENDOZA,True,0.0
2011,2,GRAN BS.AS.,BUENOS AIRES,True,0.0
2011,2,GRAN BS.AS.,BUENOS AIRES,True,0.0
2011,2,LITORAL,BUENOS AIRES,True,0.0
2011,3,LITORAL,BUENOS AIRES,True,0.0
2011,3,LITORAL,BUENOS AIRES,True,0.0
2011,3,CUYO,MENDOZA,True,0.0
2011,3,CUYO,MENDOZA,True,0.0
2011,3,GRAN BS.AS.,BUENOS AIRES,True,0.0
2011,3,GRAN BS.AS.,BUENOS AIRES,True,0.0
2011,3,LITORAL,BUENOS AIRES,True,0.0
2011,4,LITORAL,BUENOS AIRES,True,0.0
2011,4,LITORAL,BUENOS AIRES,True,0.0
2011,4,CUYO,MENDOZA,True,0.0
2011,4,CUYO,MENDOZA,True,0.0
2011,4,GRAN BS.AS.,BUENOS AIRES,True,0.0
2011,4,GRAN BS.AS.,BUENOS AIRES,True,0.0
2011,4,LITORAL,BUENOS AIRES,True,0.0
2011,5,LITORAL,BUENOS AIRES,True,5.5
2011,5,LITORAL,BUENOS AIRES,True,0.0
2011,5,CUYO,MENDOZA,True,0.0
2011,5,CUYO,MENDOZA,True,0.0
2011,5,GRAN BS.AS.,BUENOS AIRES,True,0.0
2011,5,GRAN BS.AS.,BUENOS AIRES,True,0.0
2011,5,LITORAL,BUENOS AIRES,True,0.0
2011,6,LITORAL,BUENOS AIRES,True,6.3
2011,6,LITORAL,BUENOS AIRES,True,0.0
2011,6,CUYO,MENDOZA,True,0.0
2011,6,CUYO,MENDOZA,True,0.0
2011,6,GRAN BS.AS.,BUENOS AIRES,True,0.0
2011,6,GRAN BS.AS.,BUENOS AIRES,True,0.0
2011,6,LITORAL,BUENOS AIRES,True,0.0
2011,7,LITORAL,BUENOS AIRES,True,6.0
2011,7,LITORAL,BUENOS AIRES,True,1.1
2011,7,CUYO,MENDOZA,True,1.1
2011,7,CUYO,MENDOZA,True,1.5
2011,7,GRAN BS.AS.,BUENOS AIRES,True,1.4
2011,7,GRAN BS.AS.,BUENOS AIRES,True,1.3
2011,7,LITORAL,BUENOS AIRES,True,0.1
2011,8,LITORAL,BUENOS AIRES,True,3.4
2011,8,LITORAL,BUENOS AIRES,True,0.0
2011,8,CUYO,MENDOZA,True,0.3
2011,8,CUYO,MENDOZA,True,0.6
2011,8,GRAN BS.AS.,BUENOS AIRES,True,1.7
2011,8,GRAN BS.AS.,BUENOS AIRES,True,0.8
2011,8,LITORAL,BUENOS AIRES,True,0.0
2011,9,LITORAL,BUENOS AIRES,True,0.0
2011,9,LITORAL,BUENOS AIRES,True,0.3
2011,9,CUYO,MENDOZA,True,0.0
2011,9,CUYO,MENDOZA,True,0.0
2011,9,GRAN BS.AS.,BUENOS AIRES,True,0.0
2011,9,GRAN BS.AS.,BUENOS AIRES,True,0.3
2011,9,LITORAL,BUENOS AIRES,True,0.0
2011,10,LITORAL,BUENOS AIRES,True,0.0
2011,10,LITORAL,BUENOS AIRES,True,0.0
2011,10,CUYO,MENDOZA,True,0.0
2011,10,CUYO,MENDOZA,True,0.0
2011,10,GRAN BS.AS.,BUENOS AIRES,True,0.0
2011,10,GRAN BS.AS.,BUENOS AIRES,True,0.0
2011,10,CUYO,SAN JUAN,True,0.0
2011,10,LITORAL,BUENOS AIRES,True,0.0
2011,10,LITORAL,SANTA FE,True,0.9
2011,11,LITORAL,BUENOS AIRES,True,0.0
2011,11,LITORAL,BUENOS AIRES,True,0.0
2011,11,CUYO,MENDOZA,True,0.0
2011,11,CUYO,MENDOZA,True,0.0
2011,11,GRAN BS.AS.,BUENOS AIRES,True,0.0
2011,11,GRAN BS.AS.,BUENOS AIRES,True,0.0
2011,11,CUYO,SAN JUAN,True,0.0
2011,11,LITORAL,BUENOS AIRES,True,0.0
2011,11,LITORAL,SANTA FE,True,0.0
2011,12,LITORAL,BUENOS AIRES,True,0.0
2011,12,LITORAL,BUENOS AIRES,True,0.0
2011,12,CUYO,MENDOZA,True,0.0
2011,12,CUYO,MENDOZA,True,0.0
2011,12,GRAN BS.AS.,BUENOS AIRES,True,0.0
2011,12,GRAN BS.AS.,BUENOS AIRES,True,0.0
2011,12,CUYO,SAN JUAN,True,0.0
2011,12,LITORAL,BUENOS AIRES,True,0.0
2011,12,LITORAL,SANTA FE,True,0.0
2012,1,LITORAL,BUENOS AIRES,True,0.0
2012,1,LITORAL,BUENOS AIRES,True,0.0
2012,1,CUYO,MENDOZA,True,0.0
2012,1,CUYO,MENDOZA,True,0.0
2012,1,GRAN BS.AS.,BUENOS AIRES,True,0.0
2012,1,GRAN BS.AS.,BUENOS AIRES,True,0.0
2012,1,GRAN BS.AS.,BUENOS AIRES,True,67.0
2012,1,GRAN BS.AS.,BUENOS AIRES,True,147.0
2012,1,CUYO,SAN JUAN,True,0.6
2012,1,LITORAL,BUENOS AIRES,True,0.1
2012,1,LITORAL,SANTA FE,True,0.0
2012,2,LITORAL,BUENOS AIRES,True,0.0
2012,2,LITORAL,BUENOS AIRES,True,0.0
2012,2,CUYO,MENDOZA,True,0.0
2012,2,CUYO,MENDOZA,True,0.0
2012,2,GRAN BS.AS.,BUENOS AIRES,True,0.0
2012,2,GRAN BS.AS.,BUENOS AIRES,True,0.0
2012,2,GRAN BS.AS.,BUENOS AIRES,True,76.3
2012,2,GRAN BS.AS.,BUENOS AIRES,True,11.1
2012,2,CUYO,SAN JUAN,True,2.3
2012,2,LITORAL,BUENOS AIRES,True,0.0
2012,2,LITORAL,SANTA FE,True,0.0
2012,3,LITORAL,BUENOS AIRES,True,0.0
2012,3,LITORAL,BUENOS AIRES,True,0.0
2012,3,CUYO,MENDOZA,True,0.0
2012,3,CUYO,MENDOZA,True,0.0
2012,3,GRAN BS.AS.,BUENOS AIRES,True,0.0
2012,3,GRAN BS.AS.,BUENOS AIRES,True,0.0
2012,3,GRAN BS.AS.,BUENOS AIRES,True,68.7
2012,3,GRAN BS.AS.,BUENOS AIRES,True,73.5
2012,3,CUYO,SAN JUAN,True,1.6
2012,3,LITORAL,BUENOS AIRES,True,0.0
2012,3,LITORAL,SANTA FE,True,0.0
2012,4,LITORAL,BUENOS AIRES,True,0.0
2012,4,LITORAL,BUENOS AIRES,True,0.0
2012,4,CUYO,MENDOZA,True,0.0
2012,4,CUYO,MENDOZA,True,0.0
2012,4,GRAN BS.AS.,BUENOS AIRES,True,0.0
2012,4,GRAN BS.AS.,BUENOS AIRES,True,0.0
2012,4,GRAN BS.AS.,BUENOS AIRES,True,34.5
2012,4,GRAN BS.AS.,BUENOS AIRES,True,136.5
2012,4,CUYO,SAN JUAN,True,0.1
2012,4,LITORAL,BUENOS AIRES,True,0.0
2012,4,LITORAL,SANTA FE,True,0.0
2012,5,LITORAL,BUENOS AIRES,True,0.0
2012,5,LITORAL,BUENOS AIRES,True,0.0
2012,5,CUYO,MENDOZA,True,0.0
2012,5,CUYO,MENDOZA,True,0.0
2012,5,GRAN BS.AS.,BUENOS AIRES,True,0.0
2012,5,GRAN BS.AS.,BUENOS AIRES,True,0.0
2012,5,GRAN BS.AS.,BUENOS AIRES,True,65.2
2012,5,GRAN BS.AS.,BUENOS AIRES,True,167.8
2012,5,CUYO,SAN JUAN,True,0.0
2012,5,LITORAL,BUENOS AIRES,True,0.0
2012,5,LITORAL,SANTA FE,True,0.0
2012,6,LITORAL,BUENOS AIRES,True,0.0
2012,6,LITORAL,BUENOS AIRES,True,0.0
2012,6,CUYO,MENDOZA,True,0.0
2012,6,CUYO,MENDOZA,True,0.0
2012,6,GRAN BS.AS.,BUENOS AIRES,True,0.0
2012,6,GRAN BS.AS.,BUENOS AIRES,True,0.0
2012,6,GRAN BS.AS.,BUENOS AIRES,True,87.4
2012,6,GRAN BS.AS.,BUENOS AIRES,True,148.4
2012,6,CUYO,SAN JUAN,True,0.1
2012,6,LITORAL,BUENOS AIRES,True,0.0
2012,6,LITORAL,SANTA FE,True,0.0
2012,7,LITORAL,BUENOS AIRES,True,0.0
2012,7,LITORAL,BUENOS AIRES,True,0.0
2012,7,CUYO,MENDOZA,True,0.0
2012,7,CUYO,MENDOZA,True,0.0
2012,7,GRAN BS.AS.,BUENOS AIRES,True,0.0
2012,7,GRAN BS.AS.,BUENOS AIRES,True,0.0
2012,7,GRAN BS.AS.,BUENOS AIRES,True,82.9
2012,7,GRAN BS.AS.,BUENOS AIRES,True,156.6
2012,7,CUYO,SAN JUAN,True,1.2
2012,7,LITORAL,BUENOS AIRES,True,0.0
2012,7,LITORAL,SANTA FE,True,0.0
2012,8,LITORAL,BUENOS AIRES,True,0.0
2012,8,LITORAL,BUENOS AIRES,True,0.0
2012,8,GRAN BS.AS.,BUENOS AIRES,True,0.0
2012,8,GRAN BS.AS.,BUENOS AIRES,True,0.0
2012,8,CUYO,MENDOZA,True,0.0
2012,8,CUYO,MENDOZA,True,0.0
2012,8,GRAN BS.AS.,BUENOS AIRES,True,0.0
2012,8,GRAN BS.AS.,BUENOS AIRES,True,0.0
2012,8,GRAN BS.AS.,BUENOS AIRES,True,72.5
2012,8,GRAN BS.AS.,BUENOS AIRES,True,161.0
2012,8,CUYO,SAN JUAN,True,0.3
2012,8,LITORAL,BUENOS AIRES,True,0.1
2012,8,LITORAL,SANTA FE,True,0.0
2012,9,LITORAL,BUENOS AIRES,True,0.0
2012,9,LITORAL,BUENOS AIRES,True,0.0
2012,9,GRAN BS.AS.,BUENOS AIRES,True,0.0
2012,9,GRAN BS.AS.,BUENOS AIRES,True,0.0
2012,9,CUYO,MENDOZA,True,0.0
2012,9,CUYO,MENDOZA,True,0.0
2012,9,GRAN BS.AS.,BUENOS AIRES,True,0.0
2012,9,GRAN BS.AS.,BUENOS AIRES,True,0.0
2012,9,GRAN BS.AS.,BUENOS AIRES,True,67.6
2012,9,GRAN BS.AS.,BUENOS AIRES,True,130.7
2012,9,CUYO,SAN JUAN,True,0.0
2012,9,LITORAL,BUENOS AIRES,True,0.0
2012,9,LITORAL,SANTA FE,True,0.0
2012,10,LITORAL,BUENOS AIRES,True,0.0
2012,10,LITORAL,BUENOS AIRES,True,0.0
2012,10,GRAN BS.AS.,BUENOS AIRES,True,0.0
2012,10,GRAN BS.AS.,BUENOS AIRES,True,0.0
2012,10,CUYO,MENDOZA,True,0.0
2012,10,CUYO,MENDOZA,True,0.0
2012,10,GRAN BS.AS.,BUENOS AIRES,True,0.0
2012,10,GRAN BS.AS.,BUENOS AIRES,True,0.0
2012,10,GRAN BS.AS.,BUENOS AIRES,True,76.2
2012,10,GRAN BS.AS.,BUENOS AIRES,True,138.8
2012,10,CUYO,SAN JUAN,True,0.3
2012,10,CUYO,SAN JUAN,True,0.4
2012,10,LITORAL,BUENOS AIRES,True,0.0
2012,10,LITORAL,SANTA FE,True,0.0
2012,11,LITORAL,BUENOS AIRES,True,0.0
2012,11,LITORAL,BUENOS AIRES,True,0.0
2012,11,GRAN BS.AS.,BUENOS AIRES,True,0.0
2012,11,GRAN BS.AS.,BUENOS AIRES,True,0.0
2012,11,CUYO,MENDOZA,True,0.0
2012,11,CUYO,MENDOZA,True,0.0
2012,11,GRAN BS.AS.,BUENOS AIRES,True,0.0
2012,11,GRAN BS.AS.,BUENOS AIRES,True,0.0
2012,11,GRAN BS.AS.,BUENOS AIRES,True,53.3
2012,11,GRAN BS.AS.,BUENOS AIRES,True,124.9
2012,11,CUYO,SAN JUAN,True,1.8
2012,11,CUYO,SAN JUAN,True,1.6
2012,11,LITORAL,BUENOS AIRES,True,0.0
2012,11,LITORAL,SANTA FE,True,0.0
2012,12,LITORAL,BUENOS AIRES,True,0.0
2012,12,LITORAL,BUENOS AIRES,True,0.0
2012,12,GRAN BS.AS.,BUENOS AIRES,True,0.0
2012,12,GRAN BS.AS.,BUENOS AIRES,True,0.0
2012,12,CUYO,MENDOZA,True,0.0
2012,12,CUYO,MENDOZA,True,0.0
2012,12,GRAN BS.AS.,BUENOS AIRES,True,0.0
2012,12,GRAN BS.AS.,BUENOS AIRES,True,0.0
2012,12,GRAN BS.AS.,BUENOS AIRES,True,69.9
2012,12,GRAN BS.AS.,BUENOS AIRES,True,114.9
2012,12,CUYO,SAN JUAN,True,2.5
2012,12,CUYO,SAN JUAN,True,2.4
2012,12,LITORAL,BUENOS AIRES,True,0.0
2012,12,LITORAL,SANTA FE,True,0.0
2013,1,LITORAL,BUENOS AIRES,True,0.0
2013,1,LITORAL,BUENOS AIRES,True,0.0
2013,1,GRAN BS.AS.,BUENOS AIRES,True,0.0
2013,1,GRAN BS.AS.,BUENOS AIRES,True,0.0
2013,1,CUYO,MENDOZA,True,0.0
2013,1,CUYO,MENDOZA,True,0.0
2013,1,GRAN BS.AS.,BUENOS AIRES,True,0.0
2013,1,GRAN BS.AS.,BUENOS AIRES,True,0.0
2013,1,GRAN BS.AS.,BUENOS AIRES,True,0.0
2013,1,GRAN BS.AS.,BUENOS AIRES,True,0.0
2013,1,CUYO,SAN JUAN,True,0.0
2013,1,CUYO,SAN JUAN,True,0.0
2013,1,CUYO,SAN JUAN,True,0.0
2013,1,LITORAL,BUENOS AIRES,True,0.0
2013,1,LITORAL,SANTA FE,True,0.0
2013,2,LITORAL,BUENOS AIRES,True,0.0
2013,2,LITORAL,BUENOS AIRES,True,0.0
2013,2,GRAN BS.AS.,BUENOS AIRES,True,0.0
2013,2,GRAN BS.AS.,BUENOS AIRES,True,0.0
2013,2,CUYO,MENDOZA,True,0.0
2013,2,CUYO,MENDOZA,True,0.0
2013,2,GRAN BS.AS.,BUENOS AIRES,True,0.0
2013,2,GRAN BS.AS.,BUENOS AIRES,True,0.0
2013,2,GRAN BS.AS.,BUENOS AIRES,True,0.0
2013,2,GRAN BS.AS.,BUENOS AIRES,True,0.0
2013,2,CUYO,SAN JUAN,True,0.0
2013,2,CUYO,SAN JUAN,True,0.0
2013,2,CUYO,SAN JUAN,True,0.0
2013,2,LITORAL,BUENOS AIRES,True,0.0
2013,2,LITORAL,SANTA FE,True,0.0
2013,3,LITORAL,BUENOS AIRES,True,0.0
2013,3,LITORAL,BUENOS AIRES,True,0.0
2013,3,GRAN BS.AS.,BUENOS AIRES,True,0.0
2013,3,GRAN BS.AS.,BUENOS AIRES,True,0.0
2013,3,CUYO,MENDOZA,True,0.0
2013,3,CUYO,MENDOZA,True,0.0
2013,3,GRAN BS.AS.,BUENOS AIRES,True,0.0
2013,3,GRAN BS.AS.,BUENOS AIRES,True,0.0
2013,3,GRAN BS.AS.,BUENOS AIRES,True,0.0
2013,3,GRAN BS.AS.,BUENOS AIRES,True,0.0
2013,3,CUYO,SAN JUAN,True,0.0
2013,3,CUYO,SAN JUAN,True,0.0
2013,3,CUYO,SAN JUAN,True,0.0
2013,3,LITORAL,BUENOS AIRES,True,0.0
2013,3,LITORAL,SANTA FE,True,0.0
2013,4,LITORAL,BUENOS AIRES,True,0.0
2013,4,LITORAL,BUENOS AIRES,True,0.0
2013,4,GRAN BS.AS.,BUENOS AIRES,True,0.0
2013,4,GRAN BS.AS.,BUENOS AIRES,True,0.0
2013,4,CUYO,MENDOZA,True,0.0
2013,4,CUYO,MENDOZA,True,0.0
2013,4,GRAN BS.AS.,BUENOS AIRES,True,0.0
2013,4,GRAN BS.AS.,BUENOS AIRES,True,0.0
2013,4,GRAN BS.AS.,BUENOS AIRES,True,0.0
2013,4,GRAN BS.AS.,BUENOS AIRES,True,0.0
2013,4,CUYO,SAN JUAN,True,0.0
2013,4,CUYO,SAN JUAN,True,0.0
2013,4,CUYO,SAN JUAN,True,0.0
2013,4,LITORAL,BUENOS AIRES,True,0.0
2013,4,LITORAL,SANTA FE,True,0.0
2013,5,LITORAL,BUENOS AIRES,True,0.0
2013,5,LITORAL,BUENOS AIRES,True,0.0
2013,5,GRAN BS.AS.,BUENOS AIRES,True,0.0
2013,5,GRAN BS.AS.,BUENOS AIRES,True,0.0
2013,5,CUYO,MENDOZA,True,0.0
2013,5,CUYO,MENDOZA,True,0.0
2013,5,GRAN BS.AS.,BUENOS AIRES,True,0.0
2013,5,GRAN BS.AS.,BUENOS AIRES,True,0.0
2013,5,GRAN BS.AS.,BUENOS AIRES,True,0.0
2013,5,GRAN BS.AS.,BUENOS AIRES,True,0.0
2013,5,CUYO,SAN JUAN,True,0.0
2013,5,CUYO,SAN JUAN,True,0.0
2013,5,CUYO,SAN JUAN,True,0.0
2013,5,LITORAL,BUENOS AIRES,True,0.0
2013,5,LITORAL,SANTA FE,True,0.0
2013,6,LITORAL,BUENOS AIRES,True,0.0
2013,6,LITORAL,BUENOS AIRES,True,0.0
2013,6,GRAN BS.AS.,BUENOS AIRES,True,0.0
2013,6,GRAN BS.AS.,BUENOS AIRES,True,0.0
2013,6,CUYO,MENDOZA,True,0.0
2013,6,CUYO,MENDOZA,True,0.0
2013,6,GRAN BS.AS.,BUENOS AIRES,True,0.0
2013,6,GRAN BS.AS.,BUENOS AIRES,True,0.0
2013,6,GRAN BS.AS.,BUENOS AIRES,True,0.0
2013,6,GRAN BS.AS.,BUENOS AIRES,True,0.0
2013,6,CUYO,SAN JUAN,True,0.0
2013,6,CUYO,SAN JUAN,True,0.0
2013,6,CUYO,SAN JUAN,True,0.0
2013,6,LITORAL,BUENOS AIRES,True,0.0
2013,6,LITORAL,SANTA FE,True,0.0
2013,7,LITORAL,BUENOS AIRES,True,0.0
2013,7,LITORAL,BUENOS AIRES,True,0.0
2013,7,GRAN BS.AS.,BUENOS AIRES,True,0.0
2013,7,GRAN BS.AS.,BUENOS AIRES,True,0.0
2013,7,CUYO,MENDOZA,True,0.0
2013,7,CUYO,MENDOZA,True,0.0
2013,7,GRAN BS.AS.,BUENOS AIRES,True,0.0
2013,7,GRAN BS.AS.,BUENOS AIRES,True,0.0
2013,7,GRAN BS.AS.,BUENOS AIRES,True,0.0
2013,7,GRAN BS.AS.,BUENOS AIRES,True,0.0
2013,7,CUYO,SAN JUAN,True,0.0
2013,7,CUYO,SAN JUAN,True,0.0
2013,7,CUYO,SAN JUAN,True,0.0
2013,7,LITORAL,BUENOS AIRES,True,0.0
2013,7,LITORAL,SANTA FE,True,0.0
2013,8,LITORAL,BUENOS AIRES,True,0.0
2013,8,LITORAL,BUENOS AIRES,True,0.0
2013,8,GRAN BS.AS.,BUENOS AIRES,True,0.0
2013,8,GRAN BS.AS.,BUENOS AIRES,True,0.0
2013,8,CUYO,MENDOZA,True,0.0
2013,8,CUYO,MENDOZA,True,0.0
2013,8,GRAN BS.AS.,BUENOS AIRES,True,0.0
2013,8,GRAN BS.AS.,BUENOS AIRES,True,0.0
2013,8,GRAN BS.AS.,BUENOS AIRES,True,0.0
2013,8,GRAN BS.AS.,BUENOS AIRES,True,0.0
2013,8,CUYO,SAN JUAN,True,0.0
2013,8,CUYO,SAN JUAN,True,0.0
2013,8,CUYO,SAN JUAN,True,0.0
2013,8,LITORAL,BUENOS AIRES,True,0.0
2013,8,LITORAL,SANTA FE,True,0.0
2013,9,LITORAL,BUENOS AIRES,True,0.0
2013,9,LITORAL,BUENOS AIRES,True,0.0
2013,9,GRAN BS.AS.,BUENOS AIRES,True,0.0
2013,9,GRAN BS.AS.,BUENOS AIRES,True,0.0
2013,9,CUYO,MENDOZA,True,0.0
2013,9,CUYO,MENDOZA,True,0.0
2013,9,GRAN BS.AS.,BUENOS AIRES,True,0.0
2013,9,GRAN BS.AS.,BUENOS AIRES,True,0.0
2013,9,GRAN BS.AS.,BUENOS AIRES,True,0.0
2013,9,GRAN BS.AS.,BUENOS AIRES,True,0.0
2013,9,CUYO,SAN JUAN,True,0.0
2013,9,CUYO,SAN JUAN,True,0.0
2013,9,CUYO,SAN JUAN,True,0.0
2013,9,LITORAL,BUENOS AIRES,True,0.0
2013,9,LITORAL,SANTA FE,True,0.0
2013,10,LITORAL,BUENOS AIRES,True,0.0
2013,10,LITORAL,BUENOS AIRES,True,0.0
2013,10,GRAN BS.AS.,BUENOS AIRES,True,0.0
2013,10,GRAN BS.AS.,BUENOS AIRES,True,0.0
2013,10,CUYO,MENDOZA,True,0.0
2013,10,CUYO,MENDOZA,True,0.0
2013,10,GRAN BS.AS.,BUENOS AIRES,True,0.0
2013,10,GRAN BS.AS.,BUENOS AIRES,True,0.0
2013,10,GRAN BS.AS.,BUENOS AIRES,True,0.0
2013,10,GRAN BS.AS.,BUENOS AIRES,True,0.0
2013,10,CUYO,SAN JUAN,True,0.0
2013,10,CUYO,SAN JUAN,True,0.0
2013,10,CUYO,SAN JUAN,True,0.0
2013,10,LITORAL,BUENOS AIRES,True,0.0
2013,10,LITORAL,SANTA FE,True,0.0
2013,11,LITORAL,BUENOS AIRES,True,0.0
2013,11,LITORAL,BUENOS AIRES,True,0.0
2013,11,GRAN BS.AS.,BUENOS AIRES,True,0.0
2013,11,GRAN BS.AS.,BUENOS AIRES,True,0.0
2013,11,CUYO,MENDOZA,True,0.0
2013,11,CUYO,MENDOZA,True,0.0
2013,11,GRAN BS.AS.,BUENOS AIRES,True,0.0
2013,11,GRAN BS.AS.,BUENOS AIRES,True,0.0
2013,11,GRAN BS.AS.,BUENOS AIRES,True,0.0
2013,11,GRAN BS.AS.,BUENOS AIRES,True,0.0
2013,11,CUYO,SAN JUAN,True,0.0
2013,11,CUYO,SAN JUAN,True,0.0
2013,11,CUYO,SAN JUAN,True,0.0
2013,11,LITORAL,BUENOS AIRES,True,0.0
2013,11,LITORAL,SANTA FE,True,0.0
2013,12,LITORAL,BUENOS AIRES,True,0.0
2013,12,LITORAL,BUENOS AIRES,True,0.0
2013,12,GRAN BS.AS.,BUENOS AIRES,True,0.0
2013,12,GRAN BS.AS.,BUENOS AIRES,True,0.0
2013,12,CUYO,MENDOZA,True,0.0
2013,12,CUYO,MENDOZA,True,0.0
2013,12,GRAN BS.AS.,BUENOS AIRES,True,0.0
2013,12,GRAN BS.AS.,BUENOS AIRES,True,0.0
2013,12,GRAN BS.AS.,BUENOS AIRES,True,0.0
2013,12,GRAN BS.AS.,BUENOS AIRES,True,0.0
2013,12,CUYO,SAN JUAN,True,0.0
2013,12,CUYO,SAN JUAN,True,0.0
2013,12,CUYO,SAN JUAN,True,0.0
2013,12,LITORAL,BUENOS AIRES,True,0.0
2013,12,LITORAL,SANTA FE,True,0.0
2014,1,LITORAL,BUENOS AIRES,True,0.0
2014,1,LITORAL,BUENOS AIRES,True,0.0
2014,1,GRAN BS.AS.,BUENOS AIRES,True,0.0
2014,1,GRAN BS.AS.,BUENOS AIRES,True,0.0
2014,1,CUYO,MENDOZA,True,0.0
2014,1,CUYO,MENDOZA,True,0.0
2014,1,GRAN BS.AS.,BUENOS AIRES,True,0.0
2014,1,GRAN BS.AS.,BUENOS AIRES,True,0.0
2014,1,GRAN BS.AS.,BUENOS AIRES,True,0.0
2014,1,GRAN BS.AS.,BUENOS AIRES,True,0.0
2014,1,CUYO,SAN JUAN,True,0.0
2014,1,CUYO,SAN JUAN,True,0.0
2014,1,CUYO,SAN JUAN,True,0.0
2014,1,LITORAL,BUENOS AIRES,True,0.0
2014,1,LITORAL,SANTA FE,True,0.0
2014,2,LITORAL,BUENOS AIRES,True,0.0
2014,2,LITORAL,BUENOS AIRES,True,0.0
2014,2,GRAN BS.AS.,BUENOS AIRES,True,0.0
2014,2,GRAN BS.AS.,BUENOS AIRES,True,0.0
2014,2,CUYO,MENDOZA,True,0.0
2014,2,CUYO,MENDOZA,True,0.0
2014,2,GRAN BS.AS.,BUENOS AIRES,True,0.0
2014,2,GRAN BS.AS.,BUENOS AIRES,True,0.0
2014,2,GRAN BS.AS.,BUENOS AIRES,True,0.0
2014,2,GRAN BS.AS.,BUENOS AIRES,True,0.0
2014,2,CUYO,SAN JUAN,True,0.0
2014,2,CUYO,SAN JUAN,True,0.0
2014,2,CUYO,SAN JUAN,True,0.0
2014,2,LITORAL,BUENOS AIRES,True,0.0
2014,2,LITORAL,SANTA FE,True,0.0
2014,3,LITORAL,BUENOS AIRES,True,0.0
2014,3,LITORAL,BUENOS AIRES,True,0.0
2014,3,GRAN BS.AS.,BUENOS AIRES,True,0.0
2014,3,GRAN BS.AS.,BUENOS AIRES,True,0.0
2014,3,CUYO,MENDOZA,True,0.0
2014,3,CUYO,MENDOZA,True,0.0
2014,3,GRAN BS.AS.,BUENOS AIRES,True,0.0
2014,3,GRAN BS.AS.,BUENOS AIRES,True,0.0
2014,3,GRAN BS.AS.,BUENOS AIRES,True,0.0
2014,3,GRAN BS.AS.,BUENOS AIRES,True,0.0
2014,3,CUYO,SAN JUAN,True,0.0
2014,3,CUYO,SAN JUAN,True,0.0
2014,3,CUYO,SAN JUAN,True,0.0
2014,3,LITORAL,BUENOS AIRES,True,0.0
2014,3,LITORAL,SANTA FE,True,0.0
2014,4,LITORAL,BUENOS AIRES,True,0.0
2014,4,LITORAL,BUENOS AIRES,True,0.0
2014,4,GRAN BS.AS.,BUENOS AIRES,True,0.0
2014,4,GRAN BS.AS.,BUENOS AIRES,True,0.0
2014,4,CUYO,MENDOZA,True,0.0
2014,4,CUYO,MENDOZA,True,0.0
2014,4,GRAN BS.AS.,BUENOS AIRES,True,0.0
2014,4,GRAN BS.AS.,BUENOS AIRES,True,0.0
2014,4,GRAN BS.AS.,BUENOS AIRES,True,0.0
2014,4,GRAN BS.AS.,BUENOS AIRES,True,0.0
2014,4,CUYO,SAN JUAN,True,0.0
2014,4,CUYO,SAN JUAN,True,0.0
2014,4,CUYO,SAN JUAN,True,0.0
2014,4,LITORAL,BUENOS AIRES,True,0.0
2014,4,LITORAL,SANTA FE,True,0.0
2014,5,LITORAL,BUENOS AIRES,True,0.0
2014,5,LITORAL,BUENOS AIRES,True,0.0
2014,5,GRAN BS.AS.,BUENOS AIRES,True,0.0
2014,5,GRAN BS.AS.,BUENOS AIRES,True,0.0
2014,5,CUYO,MENDOZA,True,0.0
2014,5,CUYO,MENDOZA,True,0.0
2014,5,GRAN BS.AS.,BUENOS AIRES,True,0.0
2014,5,GRAN BS.AS.,BUENOS AIRES,True,0.0
2014,5,GRAN BS.AS.,BUENOS AIRES,True,0.0
2014,5,GRAN BS.AS.,BUENOS AIRES,True,0.0
2014,5,CUYO,SAN JUAN,True,0.0
2014,5,CUYO,SAN JUAN,True,0.0
2014,5,CUYO,SAN JUAN,True,0.0
2014,5,LITORAL,BUENOS AIRES,True,0.0
2014,5,LITORAL,SANTA FE,True,0.0
2014,6,LITORAL,BUENOS AIRES,True,0.0
2014,6,LITORAL,BUENOS AIRES,True,0.0
2014,6,GRAN BS.AS.,BUENOS AIRES,True,0.0
2014,6,GRAN BS.AS.,BUENOS AIRES,True,0.0
2014,6,CUYO,MENDOZA,True,0.0
2014,6,CUYO,MENDOZA,True,0.0
2014,6,GRAN BS.AS.,BUENOS AIRES,True,0.0
2014,6,GRAN BS.AS.,BUENOS AIRES,True,0.0
2014,6,GRAN BS.AS.,BUENOS AIRES,True,0.0
2014,6,GRAN BS.AS.,BUENOS AIRES,True,0.0
2014,6,CUYO,SAN JUAN,True,0.0
2014,6,CUYO,SAN JUAN,True,0.0
2014,6,CUYO,SAN JUAN,True,0.0
2014,6,LITORAL,BUENOS AIRES,True,0.0
2014,6,LITORAL,SANTA FE,True,0.0
2014,7,LITORAL,BUENOS AIRES,True,0.0
2014,7,LITORAL,BUENOS AIRES,True,0.0
2014,7,GRAN BS.AS.,BUENOS AIRES,True,0.0
2014,7,GRAN BS.AS.,BUENOS AIRES,True,0.0
2014,7,CUYO,MENDOZA,True,0.0
2014,7,CUYO,MENDOZA,True,0.0
2014,7,GRAN BS.AS.,BUENOS AIRES,True,0.0
2014,7,GRAN BS.AS.,BUENOS AIRES,True,0.0
2014,7,GRAN BS.AS.,BUENOS AIRES,True,0.0
2014,7,GRAN BS.AS.,BUENOS AIRES,True,0.0
2014,7,CUYO,SAN JUAN,True,0.0
2014,7,CUYO,SAN JUAN,True,0.0
2014,7,CUYO,SAN JUAN,True,0.0
2014,7,LITORAL,BUENOS AIRES,True,0.0
2014,7,LITORAL,SANTA FE,True,0.0
2014,8,LITORAL,BUENOS AIRES,True,0.0
2014,8,LITORAL,BUENOS AIRES,True,0.0
2014,8,GRAN BS.AS.,BUENOS AIRES,True,0.0
2014,8,GRAN BS.AS.,BUENOS AIRES,True,0.0
2014,8,CUYO,MENDOZA,True,0.0
2014,8,CUYO,MENDOZA,True,0.0
2014,8,GRAN BS.AS.,BUENOS AIRES,True,0.0
2014,8,GRAN BS.AS.,BUENOS AIRES,True,0.0
2014,8,GRAN BS.AS.,BUENOS AIRES,True,0.0
2014,8,GRAN BS.AS.,BUENOS AIRES,True,0.0
2014,8,CUYO,SAN JUAN,True,0.0
2014,8,CUYO,SAN JUAN,True,0.0
2014,8,CUYO,SAN JUAN,True,0.0
2014,8,LITORAL,BUENOS AIRES,True,0.0
2014,8,LITORAL,SANTA FE,True,0.0
2014,9,LITORAL,BUENOS AIRES,True,0.0
2014,9,LITORAL,BUENOS AIRES,True,0.0
2014,9,GRAN BS.AS.,BUENOS AIRES,True,0.0
2014,9,GRAN BS.AS.,BUENOS AIRES,True,0.0
2014,9,CUYO,MENDOZA,True,0.0
2014,9,CUYO,MENDOZA,True,0.0
2014,9,GRAN BS.AS.,BUENOS AIRES,True,0.0
2014,9,GRAN BS.AS.,BUENOS AIRES,True,0.0
2014,9,GRAN BS.AS.,BUENOS AIRES,True,0.0
2014,9,GRAN BS.AS.,BUENOS AIRES,True,0.0
2014,9,CUYO,SAN JUAN,True,0.0
2014,9,CUYO,SAN JUAN,True,0.0
2014,9,CUYO,SAN JUAN,True,0.0
2014,9,LITORAL,BUENOS AIRES,True,0.0
2014,9,LITORAL,SANTA FE,True,0.0
2014,10,LITORAL,BUENOS AIRES,True,0.0
2014,10,LITORAL,BUENOS AIRES,True,0.0
2014,10,GRAN BS.AS.,BUENOS AIRES,True,0.0
2014,10,GRAN BS.AS.,BUENOS AIRES,True,0.0
2014,10,CUYO,MENDOZA,True,0.0
2014,10,CUYO,MENDOZA,True,0.0
2014,10,GRAN BS.AS.,BUENOS AIRES,True,0.0
2014,10,GRAN BS.AS.,BUENOS AIRES,True,0.0
2014,10,GRAN BS.AS.,BUENOS AIRES,True,0.0
2014,10,GRAN BS.AS.,BUENOS AIRES,True,0.0
2014,10,CUYO,SAN JUAN,True,0.0
2014,10,CUYO,SAN JUAN,True,0.0
2014,10,CUYO,SAN JUAN,True,0.0
2014,10,LITORAL,BUENOS AIRES,True,0.0
2014,10,LITORAL,SANTA FE,True,0.0
2014,11,LITORAL,BUENOS AIRES,True,0.0
2014,11,LITORAL,BUENOS AIRES,True,0.0
2014,11,GRAN BS.AS.,BUENOS AIRES,True,0.0
2014,11,GRAN BS.AS.,BUENOS AIRES,True,0.0
2014,11,CUYO,MENDOZA,True,0.0
2014,11,CUYO,MENDOZA,True,0.0
2014,11,GRAN BS.AS.,BUENOS AIRES,True,0.0
2014,11,GRAN BS.AS.,BUENOS AIRES,True,0.0
2014,11,GRAN BS.AS.,BUENOS AIRES,True,0.0
2014,11,GRAN BS.AS.,BUENOS AIRES,True,0.0
2014,11,CUYO,SAN JUAN,True,0.0
2014,11,CUYO,SAN JUAN,True,0.0
2014,11,CUYO,SAN JUAN,True,0.0
2014,11,LITORAL,BUENOS AIRES,True,0.0
2014,11,LITORAL,SANTA FE,True,0.0
2014,12,LITORAL,BUENOS AIRES,True,0.0
2014,12,LITORAL,BUENOS AIRES,True,0.0
2014,12,GRAN BS.AS.,BUENOS AIRES,True,0.0
2014,12,GRAN BS.AS.,BUENOS AIRES,True,0.0
2014,12,CUYO,MENDOZA,True,0.0
2014,12,CUYO,MENDOZA,True,0.0
2014,12,GRAN BS.AS.,BUENOS AIRES,True,0.0
2014,12,GRAN BS.AS.,BUENOS AIRES,True,0.0
2014,12,GRAN BS.AS.,BUENOS AIRES,True,0.0
2014,12,GRAN BS.AS.,BUENOS AIRES,True,0.0
2014,12,CUYO,SAN JUAN,True,0.0
2014,12,CUYO,SAN JUAN,True,0.0
2014,12,CUYO,SAN JUAN,True,0.0
2014,12,LITORAL,BUENOS AIRES,True,0.0
2014,12,LITORAL,SANTA FE,True,0.0
2015,1,LITORAL,BUENOS AIRES,True,0.0
2015,1,LITORAL,BUENOS AIRES,True,0.0
2015,1,GRAN BS.AS.,BUENOS AIRES,True,0.0
2015,1,GRAN BS.AS.,BUENOS AIRES,True,0.0
2015,1,CUYO,MENDOZA,True,0.0
2015,1,CUYO,MENDOZA,True,0.0
2015,1,GRAN BS.AS.,BUENOS AIRES,True,0.0
2015,1,GRAN BS.AS.,BUENOS AIRES,True,0.0
2015,1,GRAN BS.AS.,BUENOS AIRES,True,0.0
2015,1,GRAN BS.AS.,BUENOS AIRES,True,0.0
2015,1,CUYO,SAN JUAN,True,0.0
2015,1,CUYO,SAN JUAN,True,0.0
2015,1,CUYO,SAN JUAN,True,0.0
2015,1,LITORAL,BUENOS AIRES,True,0.0
2015,1,LITORAL,SANTA FE,True,0.0
2015,2,LITORAL,BUENOS AIRES,True,0.0
2015,2,LITORAL,BUENOS AIRES,True,0.0
2015,2,GRAN BS.AS.,BUENOS AIRES,True,0.0
2015,2,GRAN BS.AS.,BUENOS AIRES,True,0.0
2015,2,CUYO,MENDOZA,True,0.0
2015,2,CUYO,MENDOZA,True,0.0
2015,2,GRAN BS.AS.,BUENOS AIRES,True,0.0
2015,2,GRAN BS.AS.,BUENOS AIRES,True,0.0
2015,2,GRAN BS.AS.,BUENOS AIRES,True,0.0
2015,2,GRAN BS.AS.,BUENOS AIRES,True,0.0
2015,2,CUYO,SAN JUAN,True,0.0
2015,2,CUYO,SAN JUAN,True,0.0
2015,2,CUYO,SAN JUAN,True,0.0
2015,2,LITORAL,BUENOS AIRES,True,0.0
2015,2,LITORAL,SANTA FE,True,0.0
2015,3,LITORAL,BUENOS AIRES,True,0.0
2015,3,LITORAL,BUENOS AIRES,True,0.0
2015,3,GRAN BS.AS.,BUENOS AIRES,True,0.0
2015,3,GRAN BS.AS.,BUENOS AIRES,True,0.0
2015,3,CUYO,MENDOZA,True,0.0
2015,3,CUYO,MENDOZA,True,0.0
2015,3,GRAN BS.AS.,BUENOS AIRES,True,0.0
2015,3,GRAN BS.AS.,BUENOS AIRES,True,0.0
2015,3,GRAN BS.AS.,BUENOS AIRES,True,0.0
2015,3,GRAN BS.AS.,BUENOS AIRES,True,0.0
2015,3,CUYO,SAN JUAN,True,0.0
2015,3,CUYO,SAN JUAN,True,0.0
2015,3,CUYO,SAN JUAN,True,0.0
2015,3,LITORAL,BUENOS AIRES,True,0.0
2015,3,LITORAL,SANTA FE,True,0.0
2015,4,LITORAL,BUENOS AIRES,True,0.0
2015,4,LITORAL,BUENOS AIRES,True,0.0
2015,4,GRAN BS.AS.,BUENOS AIRES,True,0.0
2015,4,GRAN BS.AS.,BUENOS AIRES,True,0.0
2015,4,CUYO,MENDOZA,True,0.0
2015,4,CUYO,MENDOZA,True,0.0
2015,4,GRAN BS.AS.,BUENOS AIRES,True,0.0
2015,4,GRAN BS.AS.,BUENOS AIRES,True,0.0
2015,4,GRAN BS.AS.,BUENOS AIRES,True,0.0
2015,4,GRAN BS.AS.,BUENOS AIRES,True,0.0
2015,4,CUYO,SAN JUAN,True,0.0
2015,4,CUYO,SAN JUAN,True,0.0
2015,4,CUYO,SAN JUAN,True,0.0
2015,4,LITORAL,BUENOS AIRES,True,0.0
2015,4,LITORAL,SANTA FE,True,0.0
2015,5,LITORAL,BUENOS AIRES,True,0.0
2015,5,LITORAL,BUENOS AIRES,True,0.0
2015,5,GRAN BS.AS.,BUENOS AIRES,True,0.0
2015,5,GRAN BS.AS.,BUENOS AIRES,True,0.0
2015,5,CUYO,MENDOZA,True,0.0
2015,5,CUYO,MENDOZA,True,0.0
2015,5,GRAN BS.AS.,BUENOS AIRES,True,0.0
2015,5,GRAN BS.AS.,BUENOS AIRES,True,0.0
2015,5,GRAN BS.AS.,BUENOS AIRES,True,0.0
2015,5,GRAN BS.AS.,BUENOS AIRES,True,0.0
2015,5,CUYO,SAN JUAN,True,0.0
2015,5,CUYO,SAN JUAN,True,0.0
2015,5,CUYO,SAN JUAN,True,0.0
2015,5,LITORAL,BUENOS AIRES,True,0.0
2015,5,LITORAL,SANTA FE,True,0.0
2015,6,LITORAL,BUENOS AIRES,True,0.0
2015,6,LITORAL,BUENOS AIRES,True,0.0
2015,6,GRAN BS.AS.,BUENOS AIRES,True,0.0
2015,6,GRAN BS.AS.,BUENOS AIRES,True,0.0
2015,6,CUYO,MENDOZA,True,0.0
2015,6,CUYO,MENDOZA,True,0.0
2015,6,GRAN BS.AS.,BUENOS AIRES,True,0.0
2015,6,GRAN BS.AS.,BUENOS AIRES,True,0.0
2015,6,GRAN BS.AS.,BUENOS AIRES,True,0.0
2015,6,GRAN BS.AS.,BUENOS AIRES,True,0.0
2015,6,CUYO,SAN JUAN,True,0.0
2015,6,CUYO,SAN JUAN,True,0.0
2015,6,CUYO,SAN JUAN,True,0.0
2015,6,LITORAL,BUENOS AIRES,True,0.0
2015,6,LITORAL,SANTA FE,True,0.0
2015,7,LITORAL,BUENOS AIRES,True,0.0
2015,7,LITORAL,BUENOS AIRES,True,0.0
2015,7,GRAN BS.AS.,BUENOS AIRES,True,0.0
2015,7,GRAN BS.AS.,BUENOS AIRES,True,0.0
2015,7,CUYO,MENDOZA,True,0.0
2015,7,CUYO,MENDOZA,True,0.0
2015,7,GRAN BS.AS.,BUENOS AIRES,True,0.0
2015,7,GRAN BS.AS.,BUENOS AIRES,True,0.0
2015,7,GRAN BS.AS.,BUENOS AIRES,True,0.0
2015,7,GRAN BS.AS.,BUENOS AIRES,True,0.0
2015,7,CUYO,SAN JUAN,True,0.0
2015,7,CUYO,SAN JUAN,True,0.0
2015,7,CUYO,SAN JUAN,True,0.0
2015,7,LITORAL,BUENOS AIRES,True,0.0
2015,7,LITORAL,SANTA FE,True,0.0
2015,8,LITORAL,BUENOS AIRES,True,0.0
2015,8,LITORAL,BUENOS AIRES,True,0.0
2015,8,GRAN BS.AS.,BUENOS AIRES,True,0.0
2015,8,GRAN BS.AS.,BUENOS AIRES,True,0.0
2015,8,CUYO,MENDOZA,True,0.0
2015,8,CUYO,MENDOZA,True,0.0
2015,8,GRAN BS.AS.,BUENOS AIRES,True,0.0
2015,8,GRAN BS.AS.,BUENOS AIRES,True,0.0
2015,8,GRAN BS.AS.,BUENOS AIRES,True,0.0
2015,8,GRAN BS.AS.,BUENOS AIRES,True,0.0
2015,8,CUYO,SAN JUAN,True,0.0
2015,8,CUYO,SAN JUAN,True,0.0
2015,8,CUYO,SAN JUAN,True,0.0
2015,8,LITORAL,BUENOS AIRES,True,0.0
2015,8,LITORAL,SANTA FE,True,0.0
2015,9,LITORAL,BUENOS AIRES,True,0.0
2015,9,LITORAL,BUENOS AIRES,True,0.0
2015,9,GRAN BS.AS.,BUENOS AIRES,True,0.0
2015,9,GRAN BS.AS.,BUENOS AIRES,True,0.0
2015,9,CUYO,MENDOZA,True,0.0
2015,9,CUYO,MENDOZA,True,0.0
2015,9,GRAN BS.AS.,BUENOS AIRES,True,0.0
2015,9,GRAN BS.AS.,BUENOS AIRES,True,0.0
2015,9,GRAN BS.AS.,BUENOS AIRES,True,0.0
2015,9,GRAN BS.AS.,BUENOS AIRES,True,0.0
2015,9,CUYO,SAN JUAN,True,0.0
2015,9,CUYO,SAN JUAN,True,0.0
2015,9,CUYO,SAN JUAN,True,0.0
2015,9,LITORAL,BUENOS AIRES,True,0.0
2015,9,LITORAL,SANTA FE,True,0.0
2015,10,LITORAL,BUENOS AIRES,True,0.0
2015,10,LITORAL,BUENOS AIRES,True,0.0
2015,10,GRAN BS.AS.,BUENOS AIRES,True,0.0
2015,10,GRAN BS.AS.,BUENOS AIRES,True,0.0
2015,10,CUYO,MENDOZA,True,0.0
2015,10,CUYO,MENDOZA,True,0.0
2015,10,GRAN BS.AS.,BUENOS AIRES,True,0.0
2015,10,GRAN BS.AS.,BUENOS AIRES,True,0.0
2015,10,GRAN BS.AS.,BUENOS AIRES,True,0.0
2015,10,GRAN BS.AS.,BUENOS AIRES,True,0.0
2015,10,CUYO,SAN JUAN,True,0.0
2015,10,CUYO,SAN JUAN,True,0.0
2015,10,CUYO,SAN JUAN,True,0.0
2015,10,LITORAL,BUENOS AIRES,True,0.0
2015,10,LITORAL,SANTA FE,True,0.0
2015,11,LITORAL,BUENOS AIRES,True,0.0
2015,11,LITORAL,BUENOS AIRES,True,0.0
2015,11,GRAN BS.AS.,BUENOS AIRES,True,0.0
2015,11,GRAN BS.AS.,BUENOS AIRES,True,0.0
2015,11,CUYO,MENDOZA,True,0.0
2015,11,CUYO,MENDOZA,True,0.0
2015,11,GRAN BS.AS.,BUENOS AIRES,True,0.0
2015,11,GRAN BS.AS.,BUENOS AIRES,True,0.0
2015,11,GRAN BS.AS.,BUENOS AIRES,True,0.0
2015,11,GRAN BS.AS.,BUENOS AIRES,True,0.0
2015,11,CUYO,SAN JUAN,True,0.0
2015,11,CUYO,SAN JUAN,True,0.0
2015,11,CUYO,SAN JUAN,True,0.0
2015,11,LITORAL,BUENOS AIRES,True,0.0
2015,11,LITORAL,SANTA FE,True,0.0
2015,12,LITORAL,BUENOS AIRES,True,0.0
2015,12,LITORAL,BUENOS AIRES,True,0.0
2015,12,GRAN BS.AS.,BUENOS AIRES,True,0.0
2015,12,GRAN BS.AS.,BUENOS AIRES,True,0.0
2015,12,CUYO,MENDOZA,True,0.0
2015,12,CUYO,MENDOZA,True,0.0
2015,12,GRAN BS.AS.,BUENOS AIRES,True,0.0
2015,12,GRAN BS.AS.,BUENOS AIRES,True,0.0
2015,12,GRAN BS.AS.,BUENOS AIRES,True,0.0
2015,12,GRAN BS.AS.,BUENOS AIRES,True,0.0
2015,12,CUYO,SAN JUAN,True,0.0
2015,12,CUYO,SAN JUAN,True,0.0
2015,12,CUYO,SAN JUAN,True,0.0
2015,12,LITORAL,BUENOS AIRES,True,0.0
2015,12,LITORAL,SANTA FE,True,0.0
2016,1,LITORAL,BUENOS AIRES,True,0.0
2016,1,LITORAL,BUENOS AIRES,True,0.0
2016,1,GRAN BS.AS.,BUENOS AIRES,True,0.0
2016,1,GRAN BS.AS.,BUENOS AIRES,True,0.0
2016,1,CUYO,MENDOZA,True,0.0
2016,1,CUYO,MENDOZA,True,0.0
2016,1,GRAN BS.AS.,BUENOS AIRES,True,0.0
2016,1,GRAN BS.AS.,BUENOS AIRES,True,0.0
2016,1,GRAN BS.AS.,BUENOS AIRES,True,0.0
2016,1,GRAN BS.AS.,BUENOS AIRES,True,0.0
2016,1,CUYO,SAN JUAN,True,0.0
2016,1,CUYO,SAN JUAN,True,0.0
2016,1,CUYO,SAN JUAN,True,0.0
2016,1,LITORAL,BUENOS AIRES,True,0.0
2016,1,LITORAL,SANTA FE,True,0.0
2016,2,LITORAL,BUENOS AIRES,True,0.0
2016,2,LITORAL,BUENOS AIRES,True,0.0
2016,2,GRAN BS.AS.,BUENOS AIRES,True,0.0
2016,2,GRAN BS.AS.,BUENOS AIRES,True,0.0
2016,2,CUYO,MENDOZA,True,0.0
2016,2,CUYO,MENDOZA,True,0.0
2016,2,GRAN BS.AS.,BUENOS AIRES,True,0.0
2016,2,GRAN BS.AS.,BUENOS AIRES,True,0.0
2016,2,GRAN BS.AS.,BUENOS AIRES,True,0.0
2016,2,GRAN BS.AS.,BUENOS AIRES,True,0.0
2016,2,CUYO,SAN JUAN,True,0.0
2016,2,CUYO,SAN JUAN,True,0.0
2016,2,CUYO,SAN JUAN,True,0.0
2016,2,LITORAL,BUENOS AIRES,True,0.0
2016,2,LITORAL,SANTA FE,True,0.0
2016,3,LITORAL,BUENOS AIRES,True,0.0
2016,3,LITORAL,BUENOS AIRES,True,0.0
2016,3,GRAN BS.AS.,BUENOS AIRES,True,0.0
2016,3,GRAN BS.AS.,BUENOS AIRES,True,0.0
2016,3,CUYO,MENDOZA,True,0.0
2016,3,CUYO,MENDOZA,True,0.0
2016,3,GRAN BS.AS.,BUENOS AIRES,True,0.0
2016,3,GRAN BS.AS.,BUENOS AIRES,True,0.0
2016,3,GRAN BS.AS.,BUENOS AIRES,True,0.0
2016,3,GRAN BS.AS.,BUENOS AIRES,True,0.0
2016,3,CUYO,SAN JUAN,True,0.0
2016,3,CUYO,SAN JUAN,True,0.0
2016,3,CUYO,SAN JUAN,True,0.0
2016,3,LITORAL,BUENOS AIRES,True,0.0
2016,3,LITORAL,SANTA FE,True,0.0
2016,4,LITORAL,BUENOS AIRES,True,0.0
2016,4,LITORAL,BUENOS AIRES,True,0.0
2016,4,GRAN BS.AS.,BUENOS AIRES,True,0.0
2016,4,GRAN BS.AS.,BUENOS AIRES,True,0.0
2016,4,CUYO,MENDOZA,True,0.0
2016,4,CUYO,MENDOZA,True,0.0
2016,4,GRAN BS.AS.,BUENOS AIRES,True,0.0
2016,4,GRAN BS.AS.,BUENOS AIRES,True,0.0
2016,4,GRAN BS.AS.,BUENOS AIRES,True,0.0
2016,4,GRAN BS.AS.,BUENOS AIRES,True,0.0
2016,4,CUYO,SAN JUAN,True,0.0
2016,4,CUYO,SAN JUAN,True,0.0
2016,4,CUYO,SAN JUAN,True,0.0
2016,4,LITORAL,BUENOS AIRES,True,0.0
2016,4,LITORAL,SANTA FE,True,0.0
2016,5,LITORAL,BUENOS AIRES,True,0.0
2016,5,LITORAL,BUENOS AIRES,True,0.0
2016,5,GRAN BS.AS.,BUENOS AIRES,True,0.0
2016,5,GRAN BS.AS.,BUENOS AIRES,True,0.0
2016,5,CUYO,MENDOZA,True,0.0
2016,5,CUYO,MENDOZA,True,0.0
2016,5,GRAN BS.AS.,BUENOS AIRES,True,0.0
2016,5,GRAN BS.AS.,BUENOS AIRES,True,0.0
2016,5,GRAN BS.AS.,BUENOS AIRES,True,0.0
2016,5,GRAN BS.AS.,BUENOS AIRES,True,0.0
2016,5,CUYO,SAN JUAN,True,0.0
2016,5,CUYO,SAN JUAN,True,0.0
2016,5,CUYO,SAN JUAN,True,0.0
2016,5,LITORAL,BUENOS AIRES,True,0.0
2016,5,LITORAL,SANTA FE,True,0.0
2016,6,LITORAL,BUENOS AIRES,True,0.0
2016,6,LITORAL,BUENOS AIRES,True,0.0
2016,6,GRAN BS.AS.,BUENOS AIRES,True,0.0
2016,6,GRAN BS.AS.,BUENOS AIRES,True,0.0
2016,6,CUYO,MENDOZA,True,0.0
2016,6,CUYO,MENDOZA,True,0.0
2016,6,GRAN BS.AS.,BUENOS AIRES,True,0.0
2016,6,GRAN BS.AS.,BUENOS AIRES,True,0.0
2016,6,GRAN BS.AS.,BUENOS AIRES,True,0.0
2016,6,GRAN BS.AS.,BUENOS AIRES,True,0.0
2016,6,CUYO,SAN JUAN,True,0.0
2016,6,CUYO,SAN JUAN,True,0.0
2016,6,CUYO,SAN JUAN,True,0.0
2016,6,LITORAL,BUENOS AIRES,True,0.0
2016,6,LITORAL,SANTA FE,True,0.0
2016,7,LITORAL,BUENOS AIRES,True,0.0
2016,7,LITORAL,BUENOS AIRES,True,0.0
2016,7,GRAN BS.AS.,BUENOS AIRES,True,0.0
2016,7,GRAN BS.AS.,BUENOS AIRES,True,0.0
2016,7,CUYO,MENDOZA,True,0.0
2016,7,CUYO,MENDOZA,True,0.0
2016,7,GRAN BS.AS.,BUENOS AIRES,True,0.0
2016,7,GRAN BS.AS.,BUENOS AIRES,True,0.0
2016,7,GRAN BS.AS.,BUENOS AIRES,True,0.0
2016,7,GRAN BS.AS.,BUENOS AIRES,True,0.0
2016,7,CUYO,SAN JUAN,True,0.0
2016,7,CUYO,SAN JUAN,True,0.0
2016,7,CUYO,SAN JUAN,True,0.0
2016,7,LITORAL,BUENOS AIRES,True,0.0
2016,7,LITORAL,SANTA FE,True,0.0
2016,8,LITORAL,BUENOS AIRES,True,0.0
2016,8,LITORAL,BUENOS AIRES,True,0.0
2016,8,GRAN BS.AS.,BUENOS AIRES,True,0.0
2016,8,GRAN BS.AS.,BUENOS AIRES,True,0.0
2016,8,CUYO,MENDOZA,True,0.0
2016,8,CUYO,MENDOZA,True,0.0
2016,8,GRAN BS.AS.,BUENOS AIRES,True,0.0
2016,8,GRAN BS.AS.,BUENOS AIRES,True,0.0
2016,8,GRAN BS.AS.,BUENOS AIRES,True,0.0
2016,8,GRAN BS.AS.,BUENOS AIRES,True,0.0
2016,8,CUYO,SAN JUAN,True,0.0
2016,8,CUYO,SAN JUAN,True,0.0
2016,8,CUYO,SAN JUAN,True,0.0
2016,8,LITORAL,BUENOS AIRES,True,0.0
2016,8,LITORAL,SANTA FE,True,0.0
2016,9,LITORAL,BUENOS AIRES,True,0.0
2016,9,LITORAL,BUENOS AIRES,True,0.0
2016,9,GRAN BS.AS.,BUENOS AIRES,True,0.0
2016,9,GRAN BS.AS.,BUENOS AIRES,True,0.0
2016,9,CUYO,MENDOZA,True,0.0
2016,9,CUYO,MENDOZA,True,0.0
2016,9,GRAN BS.AS.,BUENOS AIRES,True,0.0
2016,9,GRAN BS.AS.,BUENOS AIRES,True,0.0
2016,9,GRAN BS.AS.,BUENOS AIRES,True,0.0
2016,9,GRAN BS.AS.,BUENOS AIRES,True,0.0
2016,9,CUYO,SAN JUAN,True,0.0
2016,9,CUYO,SAN JUAN,True,0.0
2016,9,CUYO,SAN JUAN,True,0.0
2016,9,LITORAL,BUENOS AIRES,True,0.0
2016,9,LITORAL,SANTA FE,True,0.0
2016,10,LITORAL,BUENOS AIRES,True,0.0
2016,10,LITORAL,BUENOS AIRES,True,0.0
2016,10,GRAN BS.AS.,BUENOS AIRES,True,0.0
2016,10,GRAN BS.AS.,BUENOS AIRES,True,0.0
2016,10,CUYO,MENDOZA,True,0.0
2016,10,CUYO,MENDOZA,True,0.0
2016,10,GRAN BS.AS.,BUENOS AIRES,True,0.0
2016,10,GRAN BS.AS.,BUENOS AIRES,True,0.0
2016,10,GRAN BS.AS.,BUENOS AIRES,True,0.0
2016,10,GRAN BS.AS.,BUENOS AIRES,True,0.0
2016,10,CUYO,SAN JUAN,True,0.0
2016,10,CUYO,SAN JUAN,True,0.0
2016,10,CUYO,SAN JUAN,True,0.0
2016,10,LITORAL,BUENOS AIRES,True,0.0
2016,10,LITORAL,SANTA FE,True,0.0
2016,11,LITORAL,BUENOS AIRES,True,0.0
2016,11,LITORAL,BUENOS AIRES,True,0.0
2016,11,GRAN BS.AS.,BUENOS AIRES,True,0.0
2016,11,GRAN BS.AS.,BUENOS AIRES,True,0.0
2016,11,CUYO,MENDOZA,True,0.0
2016,11,CUYO,MENDOZA,True,0.0
2016,11,GRAN BS.AS.,BUENOS AIRES,True,0.0
2016,11,GRAN BS.AS.,BUENOS AIRES,True,0.0
2016,11,GRAN BS.AS.,BUENOS AIRES,True,0.0
2016,11,GRAN BS.AS.,BUENOS AIRES,True,0.0
2016,11,CUYO,SAN JUAN,True,0.0
2016,11,CUYO,SAN JUAN,True,0.0
2016,11,CUYO,SAN JUAN,True,0.0
2016,11,LITORAL,BUENOS AIRES,True,0.0
2016,11,LITORAL,SANTA FE,True,0.0
2016,12,LITORAL,BUENOS AIRES,True,0.0
2016,12,LITORAL,BUENOS AIRES,True,0.0
2016,12,GRAN BS.AS.,BUENOS AIRES,True,0.0
2016,12,GRAN BS.AS.,BUENOS AIRES,True,0.0
2016,12,CUYO,MENDOZA,True,0.0
2016,12,CUYO,MENDOZA,True,0.0
2016,12,GRAN BS.AS.,BUENOS AIRES,True,0.0
2016,12,GRAN BS.AS.,BUENOS AIRES,True,0.0
2016,12,GRAN BS.AS.,BUENOS AIRES,True,0.0
2016,12,GRAN BS.AS.,BUENOS AIRES,True,0.0
2016,12,CUYO,SAN JUAN,True,0.0
2016,12,CUYO,SAN JUAN,True,0.0
2016,12,CUYO,SAN JUAN,True,0.0
2016,12,LITORAL,BUENOS AIRES,True,0.0
2016,12,LITORAL,SANTA FE,True,0.0
2017,1,LITORAL,BUENOS AIRES,True,0.0
2017,1,LITORAL,BUENOS AIRES,True,0.0
2017,1,GRAN BS.AS.,BUENOS AIRES,True,0.0
2017,1,GRAN BS.AS.,BUENOS AIRES,True,0.0
2017,1,CUYO,MENDOZA,True,0.0
2017,1,CUYO,MENDOZA,True,0.0
2017,1,GRAN BS.AS.,BUENOS AIRES,True,0.0
2017,1,GRAN BS.AS.,BUENOS AIRES,True,0.0
2017,1,GRAN BS.AS.,BUENOS AIRES,True,0.0
2017,1,GRAN BS.AS.,BUENOS AIRES,True,0.0
2017,1,CUYO,SAN JUAN,True,0.0
2017,1,CUYO,SAN JUAN,True,0.0
2017,1,CUYO,SAN JUAN,True,0.0
2017,1,LITORAL,BUENOS AIRES,True,0.0
2017,1,LITORAL,SANTA FE,True,0.0
2017,2,LITORAL,BUENOS AIRES,True,0.0
2017,2,LITORAL,BUENOS AIRES,True,0.0
2017,2,GRAN BS.AS.,BUENOS AIRES,True,0.0
2017,2,GRAN BS.AS.,BUENOS AIRES,True,0.0
2017,2,CUYO,MENDOZA,True,0.0
2017,2,CUYO,MENDOZA,True,0.0
2017,2,GRAN BS.AS.,BUENOS AIRES,True,0.0
2017,2,GRAN BS.AS.,BUENOS AIRES,True,0.0
2017,2,GRAN BS.AS.,BUENOS AIRES,True,0.0
2017,2,GRAN BS.AS.,BUENOS AIRES,True,0.0
2017,2,CUYO,SAN JUAN,True,0.0
2017,2,CUYO,SAN JUAN,True,0.0
2017,2,CUYO,SAN JUAN,True,0.0
2017,2,LITORAL,BUENOS AIRES,True,0.0
2017,2,LITORAL,SANTA FE,True,0.0
2017,3,LITORAL,BUENOS AIRES,True,0.0
2017,3,LITORAL,BUENOS AIRES,True,0.0
2017,3,GRAN BS.AS.,BUENOS AIRES,True,0.0
2017,3,GRAN BS.AS.,BUENOS AIRES,True,0.0
2017,3,CUYO,MENDOZA,True,0.0
2017,3,CUYO,MENDOZA,True,0.0
2017,3,GRAN BS.AS.,BUENOS AIRES,True,0.0
2017,3,GRAN BS.AS.,BUENOS AIRES,True,0.0
2017,3,GRAN BS.AS.,BUENOS AIRES,True,0.0
2017,3,GRAN BS.AS.,BUENOS AIRES,True,0.0
2017,3,CUYO,SAN JUAN,True,0.0
2017,3,CUYO,SAN JUAN,True,0.0
2017,3,CUYO,SAN JUAN,True,0.0
2017,3,LITORAL,BUENOS AIRES,True,0.0
2017,3,LITORAL,SANTA FE,True,0.0
2017,4,LITORAL,BUENOS AIRES,True,0.0
2017,4,LITORAL,BUENOS AIRES,True,0.0
2017,4,GRAN BS.AS.,BUENOS AIRES,True,0.0
2017,4,GRAN BS.AS.,BUENOS AIRES,True,0.0
2017,4,CUYO,MENDOZA,True,0.0
2017,4,CUYO,MENDOZA,True,0.0
2017,4,GRAN BS.AS.,BUENOS AIRES,True,0.0
2017,4,GRAN BS.AS.,BUENOS AIRES,True,0.0
2017,4,GRAN BS.AS.,BUENOS AIRES,True,0.0
2017,4,GRAN BS.AS.,BUENOS AIRES,True,0.0
2017,4,CUYO,SAN JUAN,True,0.0
2017,4,CUYO,SAN JUAN,True,0.0
2017,4,CUYO,SAN JUAN,True,0.0
2017,4,LITORAL,BUENOS AIRES,True,0.0
2017,4,LITORAL,SANTA FE,True,0.0
2017,5,LITORAL,BUENOS AIRES,True,0.0
2017,5,LITORAL,BUENOS AIRES,True,0.0
2017,5,GRAN BS.AS.,BUENOS AIRES,True,0.0
2017,5,GRAN BS.AS.,BUENOS AIRES,True,0.0
2017,5,CUYO,MENDOZA,True,0.0
2017,5,CUYO,MENDOZA,True,0.0
2017,5,GRAN BS.AS.,BUENOS AIRES,True,0.0
2017,5,GRAN BS.AS.,BUENOS AIRES,True,0.0
2017,5,GRAN BS.AS.,BUENOS AIRES,True,0.0
2017,5,GRAN BS.AS.,BUENOS AIRES,True,0.0
2017,5,CUYO,SAN JUAN,True,0.0
2017,5,CUYO,SAN JUAN,True,0.0
2017,5,CUYO,SAN JUAN,True,0.0
2017,5,LITORAL,BUENOS AIRES,True,0.0
2017,5,LITORAL,SANTA FE,True,0.0
2017,6,LITORAL,BUENOS AIRES,True,0.0
2017,6,LITORAL,BUENOS AIRES,True,0.0
2017,6,GRAN BS.AS.,BUENOS AIRES,True,0.0
2017,6,GRAN BS.AS.,BUENOS AIRES,True,0.0
2017,6,CUYO,MENDOZA,True,0.0
2017,6,CUYO,MENDOZA,True,0.0
2017,6,GRAN BS.AS.,BUENOS AIRES,True,0.0
2017,6,GRAN BS.AS.,BUENOS AIRES,True,0.0
2017,6,GRAN BS.AS.,BUENOS AIRES,True,0.0
2017,6,GRAN BS.AS.,BUENOS AIRES,True,0.0
2017,6,CUYO,SAN JUAN,True,0.0
2017,6,CUYO,SAN JUAN,True,0.0
2017,6,CUYO,SAN JUAN,True,0.0
2017,6,LITORAL,BUENOS AIRES,True,0.0
2017,6,LITORAL,SANTA FE,True,0.0
2017,7,LITORAL,BUENOS AIRES,True,0.0
2017,7,LITORAL,BUENOS AIRES,True,0.0
2017,7,GRAN BS.AS.,BUENOS AIRES,True,0.0
2017,7,GRAN BS.AS.,BUENOS AIRES,True,0.0
2017,7,CUYO,MENDOZA,True,0.0
2017,7,CUYO,MENDOZA,True,0.0
2017,7,GRAN BS.AS.,BUENOS AIRES,True,0.0
2017,7,GRAN BS.AS.,BUENOS AIRES,True,0.0
2017,7,GRAN BS.AS.,BUENOS AIRES,True,0.0
2017,7,GRAN BS.AS.,BUENOS AIRES,True,0.0
2017,7,CUYO,SAN JUAN,True,0.0
2017,7,CUYO,SAN JUAN,True,0.0
2017,7,CUYO,SAN JUAN,True,0.0
2017,7,LITORAL,BUENOS AIRES,True,0.0
2017,7,LITORAL,SANTA FE,True,0.0
2017,8,LITORAL,BUENOS AIRES,True,0.0
2017,8,LITORAL,BUENOS AIRES,True,0.0
2017,8,GRAN BS.AS.,BUENOS AIRES,True,0.0
2017,8,GRAN BS.AS.,BUENOS AIRES,True,0.0
2017,8,CUYO,MENDOZA,True,0.0
2017,8,CUYO,MENDOZA,True,0.0
2017,8,GRAN BS.AS.,BUENOS AIRES,True,0.0
2017,8,GRAN BS.AS.,BUENOS AIRES,True,0.0
2017,8,GRAN BS.AS.,BUENOS AIRES,True,0.0
2017,8,GRAN BS.AS.,BUENOS AIRES,True,0.0
2017,8,CUYO,SAN JUAN,True,0.0
2017,8,CUYO,SAN JUAN,True,0.0
2017,8,CUYO,SAN JUAN,True,0.0
2017,8,LITORAL,BUENOS AIRES,True,0.0
2017,8,LITORAL,SANTA FE,True,0.0
2017,9,LITORAL,BUENOS AIRES,True,0.0
2017,9,LITORAL,BUENOS AIRES,True,0.0
2017,9,GRAN BS.AS.,BUENOS AIRES,True,0.0
2017,9,GRAN BS.AS.,BUENOS AIRES,True,0.0
2017,9,CUYO,MENDOZA,True,0.0
2017,9,CUYO,MENDOZA,True,0.0
2017,9,GRAN BS.AS.,BUENOS AIRES,True,0.0
2017,9,GRAN BS.AS.,BUENOS AIRES,True,0.0
2017,9,GRAN BS.AS.,BUENOS AIRES,True,0.0
2017,9,GRAN BS.AS.,BUENOS AIRES,True,0.0
2017,9,CUYO,SAN JUAN,True,0.0
2017,9,CUYO,SAN JUAN,True,0.0
2017,9,CUYO,SAN JUAN,True,0.0
2017,9,LITORAL,BUENOS AIRES,True,0.0
2017,9,LITORAL,SANTA FE,True,0.0
2017,10,LITORAL,BUENOS AIRES,True,0.0
2017,10,LITORAL,BUENOS AIRES,True,0.0
2017,10,GRAN BS.AS.,BUENOS AIRES,True,0.0
2017,10,GRAN BS.AS.,BUENOS AIRES,True,0.0
2017,10,CUYO,MENDOZA,True,0.0
2017,10,CUYO,MENDOZA,True,0.0
2017,10,GRAN BS.AS.,BUENOS AIRES,True,0.0
2017,10,GRAN BS.AS.,BUENOS AIRES,True,0.0
2017,10,GRAN BS.AS.,BUENOS AIRES,True,0.0
2017,10,GRAN BS.AS.,BUENOS AIRES,True,0.0
2017,10,CUYO,SAN JUAN,True,0.0
2017,10,CUYO,SAN JUAN,True,0.0
2017,10,CUYO,SAN JUAN,True,0.0
2017,10,LITORAL,BUENOS AIRES,True,0.0
2017,10,LITORAL,SANTA FE,True,0.0
2017,11,LITORAL,BUENOS AIRES,True,0.0
2017,11,LITORAL,BUENOS AIRES,True,0.0
2017,11,GRAN BS.AS.,BUENOS AIRES,True,0.0
2017,11,GRAN BS.AS.,BUENOS AIRES,True,0.0
2017,11,CUYO,MENDOZA,True,0.0
2017,11,CUYO,MENDOZA,True,0.0
2017,11,GRAN BS.AS.,BUENOS AIRES,True,0.0
2017,11,GRAN BS.AS.,BUENOS AIRES,True,0.0
2017,11,GRAN BS.AS.,BUENOS AIRES,True,0.0
2017,11,GRAN BS.AS.,BUENOS AIRES,True,0.0
2017,11,CUYO,SAN JUAN,True,0.0
2017,11,CUYO,SAN JUAN,True,0.0
2017,11,CUYO,SAN JUAN,True,0.0
2017,11,LITORAL,BUENOS AIRES,True,0.0
2017,11,LITORAL,SANTA FE,True,0.0
2017,12,LITORAL,BUENOS AIRES,True,0.0
2017,12,LITORAL,BUENOS AIRES,True,0.0
2017,12,GRAN BS.AS.,BUENOS AIRES,True,0.0
2017,12,GRAN BS.AS.,BUENOS AIRES,True,0.0
2017,12,CUYO,MENDOZA,True,0.0
2017,12,CUYO,MENDOZA,True,0.0
2017,12,GRAN BS.AS.,BUENOS AIRES,True,0.0
2017,12,GRAN BS.AS.,BUENOS AIRES,True,0.0
2017,12,GRAN BS.AS.,BUENOS AIRES,True,0.0
2017,12,GRAN BS.AS.,BUENOS AIRES,True,0.0
2017,12,CUYO,SAN JUAN,True,0.0
2017,12,CUYO,SAN JUAN,True,0.0
2017,12,CUYO,SAN JUAN,True,0.0
2017,12,LITORAL,BUENOS AIRES,True,0.0
2017,12,LITORAL,SANTA FE,True,0.0
2018,1,LITORAL,BUENOS AIRES,True,0.0
2018,1,LITORAL,BUENOS AIRES,True,0.0
2018,1,GRAN BS.AS.,BUENOS AIRES,True,0.0
2018,1,GRAN BS.AS.,BUENOS AIRES,True,0.0
2018,1,CUYO,MENDOZA,True,0.0
2018,1,CUYO,MENDOZA,True,0.0
2018,1,GRAN BS.AS.,BUENOS AIRES,True,0.0
2018,1,GRAN BS.AS.,BUENOS AIRES,True,0.0
2018,1,GRAN BS.AS.,BUENOS AIRES,True,0.0
2018,1,GRAN BS.AS.,BUENOS AIRES,True,0.0
2018,1,CUYO,SAN JUAN,True,0.0
2018,1,CUYO,SAN JUAN,True,0.0
2018,1,CUYO,SAN JUAN,True,0.0
2018,1,LITORAL,BUENOS AIRES,True,0.0
2018,1,LITORAL,SANTA FE,True,0.0
2018,2,LITORAL,BUENOS AIRES,True,0.0
2018,2,LITORAL,BUENOS AIRES,True,0.0
2018,2,GRAN BS.AS.,BUENOS AIRES,True,0.0
2018,2,GRAN BS.AS.,BUENOS AIRES,True,0.0
2018,2,CUYO,MENDOZA,True,0.0
2018,2,CUYO,MENDOZA,True,0.0
2018,2,GRAN BS.AS.,BUENOS AIRES,True,0.0
2018,2,GRAN BS.AS.,BUENOS AIRES,True,0.0
2018,2,GRAN BS.AS.,BUENOS AIRES,True,0.0
2018,2,GRAN BS.AS.,BUENOS AIRES,True,0.0
2018,2,CUYO,SAN JUAN,True,0.0
2018,2,CUYO,SAN JUAN,True,0.0
2018,2,CUYO,SAN JUAN,True,0.0
2018,2,LITORAL,BUENOS AIRES,True,0.0
2018,2,LITORAL,SANTA FE,True,0.0
2018,3,LITORAL,BUENOS AIRES,True,0.0
2018,3,LITORAL,BUENOS AIRES,True,0.0
2018,3,GRAN BS.AS.,BUENOS AIRES,True,0.0
2018,3,GRAN BS.AS.,BUENOS AIRES,True,0.0
2018,3,CUYO,MENDOZA,True,0.0
2018,3,CUYO,MENDOZA,True,0.0
2018,3,GRAN BS.AS.,BUENOS AIRES,True,0.0
2018,3,GRAN BS.AS.,BUENOS AIRES,True,0.0
2018,3,GRAN BS.AS.,BUENOS AIRES,True,0.0
2018,3,GRAN BS.AS.,BUENOS AIRES,True,0.0
2018,3,CUYO,SAN JUAN,True,0.0
2018,3,CUYO,SAN JUAN,True,0.0
2018,3,CUYO,SAN JUAN,True,0.0
2018,3,LITORAL,BUENOS AIRES,True,0.0
2018,3,LITORAL,SANTA FE,True,0.0
2018,4,LITORAL,BUENOS AIRES,True,0.0
2018,4,LITORAL,BUENOS AIRES,True,0.0
2018,4,GRAN BS.AS.,BUENOS AIRES,True,0.0
2018,4,GRAN BS.AS.,BUENOS AIRES,True,0.0
2018,4,CUYO,MENDOZA,True,0.0
2018,4,CUYO,MENDOZA,True,0.0
2018,4,GRAN BS.AS.,BUENOS AIRES,True,0.0
2018,4,GRAN BS.AS.,BUENOS AIRES,True,0.0
2018,4,GRAN BS.AS.,BUENOS AIRES,True,0.0
2018,4,GRAN BS.AS.,BUENOS AIRES,True,0.0
2018,4,CUYO,SAN JUAN,True,0.0
2018,4,CUYO,SAN JUAN,True,0.0
2018,4,CUYO,SAN JUAN,True,0.0
2018,4,LITORAL,BUENOS AIRES,True,0.0
2018,4,LITORAL,SANTA FE,True,0.0
2018,5,LITORAL,BUENOS AIRES,True,0.0
2018,5,LITORAL,BUENOS AIRES,True,0.0
2018,5,GRAN BS.AS.,BUENOS AIRES,True,0.0
2018,5,GRAN BS.AS.,BUENOS AIRES,True,0.0
2018,5,CUYO,MENDOZA,True,0.0
2018,5,CUYO,MENDOZA,True,0.0
2018,5,GRAN BS.AS.,BUENOS AIRES,True,0.0
2018,5,GRAN BS.AS.,BUENOS AIRES,True,0.0
2018,5,GRAN BS.AS.,BUENOS AIRES,True,0.0
2018,5,GRAN BS.AS.,BUENOS AIRES,True,0.0
2018,5,CUYO,SAN JUAN,True,0.0
2018,5,CUYO,SAN JUAN,True,0.0
2018,5,CUYO,SAN JUAN,True,0.0
2018,5,LITORAL,BUENOS AIRES,True,0.0
2018,5,LITORAL,SANTA FE,True,0.0
2018,6,LITORAL,BUENOS AIRES,True,0.0
2018,6,LITORAL,BUENOS AIRES,True,0.0
2018,6,GRAN BS.AS.,BUENOS AIRES,True,0.0
2018,6,GRAN BS.AS.,BUENOS AIRES,True,0.0
2018,6,CUYO,MENDOZA,True,0.0
2018,6,CUYO,MENDOZA,True,0.0
2018,6,GRAN BS.AS.,BUENOS AIRES,True,0.0
2018,6,GRAN BS.AS.,BUENOS AIRES,True,0.0
2018,6,GRAN BS.AS.,BUENOS AIRES,True,0.0
2018,6,GRAN BS.AS.,BUENOS AIRES,True,0.0
2018,6,CUYO,SAN JUAN,True,0.0
2018,6,CUYO,SAN JUAN,True,0.0
2018,6,CUYO,SAN JUAN,True,0.0
2018,6,LITORAL,BUENOS AIRES,True,0.0
2018,6,LITORAL,SANTA FE,True,0.0
2018,7,LITORAL,BUENOS AIRES,True,0.0
2018,7,LITORAL,BUENOS AIRES,True,0.0
2018,7,GRAN BS.AS.,BUENOS AIRES,True,0.0
2018,7,GRAN BS.AS.,BUENOS AIRES,True,0.0
2018,7,CUYO,MENDOZA,True,0.0
2018,7,CUYO,MENDOZA,True,0.0
2018,7,GRAN BS.AS.,BUENOS AIRES,True,0.0
2018,7,GRAN BS.AS.,BUENOS AIRES,True,0.0
2018,7,GRAN BS.AS.,BUENOS AIRES,True,0.0
2018,7,GRAN BS.AS.,BUENOS AIRES,True,0.0
2018,7,CUYO,SAN JUAN,True,0.0
2018,7,CUYO,SAN JUAN,True,0.0
2018,7,CUYO,SAN JUAN,True,0.0
2018,7,LITORAL,BUENOS AIRES,True,0.0
2018,7,LITORAL,SANTA FE,True,0.0
2018,8,LITORAL,BUENOS AIRES,True,0.0
2018,8,LITORAL,BUENOS AIRES,True,0.0
2018,8,GRAN BS.AS.,BUENOS AIRES,True,0.0
2018,8,GRAN BS.AS.,BUENOS AIRES,True,0.0
2018,8,CUYO,MENDOZA,True,0.0
2018,8,CUYO,MENDOZA,True,0.0
2018,8,GRAN BS.AS.,BUENOS AIRES,True,0.0
2018,8,GRAN BS.AS.,BUENOS AIRES,True,0.0
2018,8,GRAN BS.AS.,BUENOS AIRES,True,0.0
2018,8,GRAN BS.AS.,BUENOS AIRES,True,0.0
2018,8,CUYO,SAN JUAN,True,0.0
2018,8,CUYO,SAN JUAN,True,0.0
2018,8,CUYO,SAN JUAN,True,0.0
2018,8,LITORAL,BUENOS AIRES,True,0.0
2018,8,LITORAL,SANTA FE,True,0.0
2018,9,LITORAL,BUENOS AIRES,True,0.0
2018,9,LITORAL,BUENOS AIRES,True,0.0
2018,9,GRAN BS.AS.,BUENOS AIRES,True,0.0
2018,9,GRAN BS.AS.,BUENOS AIRES,True,0.0
2018,9,CUYO,MENDOZA,True,0.0
2018,9,CUYO,MENDOZA,True,0.0
2018,9,GRAN BS.AS.,BUENOS AIRES,True,0.0
2018,9,GRAN BS.AS.,BUENOS AIRES,True,0.0
2018,9,GRAN BS.AS.,BUENOS AIRES,True,0.0
2018,9,GRAN BS.AS.,BUENOS AIRES,True,0.0
2018,9,CUYO,SAN JUAN,True,0.0
2018,9,CUYO,SAN JUAN,True,0.0
2018,9,CUYO,SAN JUAN,True,0.0
2018,9,LITORAL,BUENOS AIRES,True,0.0
2018,9,LITORAL,SANTA FE,True,0.0
2018,10,LITORAL,BUENOS AIRES,True,0.0
2018,10,LITORAL,BUENOS AIRES,True,0.0
2018,10,GRAN BS.AS.,BUENOS AIRES,True,0.0
2018,10,GRAN BS.AS.,BUENOS AIRES,True,0.0
2018,10,CUYO,MENDOZA,True,0.0
2018,10,CUYO,MENDOZA,True,0.0
2018,10,GRAN BS.AS.,BUENOS AIRES,True,0.0
2018,10,GRAN BS.AS.,BUENOS AIRES,True,0.0
2018,10,GRAN BS.AS.,BUENOS AIRES,True,0.0
2018,10,GRAN BS.AS.,BUENOS AIRES,True,0.0
2018,10,CUYO,SAN JUAN,True,0.0
2018,10,CUYO,SAN JUAN,True,0.0
2018,10,CUYO,SAN JUAN,True,0.0
2018,10,LITORAL,BUENOS AIRES,True,0.0
2018,10,LITORAL,SANTA FE,True,0.0
2018,11,LITORAL,BUENOS AIRES,True,0.0
2018,11,LITORAL,BUENOS AIRES,True,0.0
2018,11,GRAN BS.AS.,BUENOS AIRES,True,0.0
2018,11,GRAN BS.AS.,BUENOS AIRES,True,0.0
2018,11,CUYO,MENDOZA,True,0.0
2018,11,CUYO,MENDOZA,True,0.0
2018,11,GRAN BS.AS.,BUENOS AIRES,True,0.0
2018,11,GRAN BS.AS.,BUENOS AIRES,True,0.0
2018,11,GRAN BS.AS.,BUENOS AIRES,True,0.0
2018,11,GRAN BS.AS.,BUENOS AIRES,True,0.0
2018,11,CUYO,SAN JUAN,True,0.0
2018,11,CUYO,SAN JUAN,True,0.0
2018,11,CUYO,SAN JUAN,True,0.0
2018,11,LITORAL,BUENOS AIRES,True,0.0
2018,11,LITORAL,SANTA FE,True,0.0
2018,12,LITORAL,BUENOS AIRES,True,0.0
2018,12,LITORAL,BUENOS AIRES,True,0.0
2018,12,GRAN BS.AS.,BUENOS AIRES,True,0.0
2018,12,GRAN BS.AS.,BUENOS AIRES,True,0.0
2018,12,CUYO,MENDOZA,True,0.0
2018,12,CUYO,MENDOZA,True,0.0
2018,12,GRAN BS.AS.,BUENOS AIRES,True,0.0
2018,12,GRAN BS.AS.,BUENOS AIRES,True,0.0
2018,12,GRAN BS.AS.,BUENOS AIRES,True,0.0
2018,12,GRAN BS.AS.,BUENOS AIRES,True,0.0
2018,12,CUYO,SAN JUAN,True,0.0
2018,12,CUYO,SAN JUAN,True,0.0
2018,12,CUYO,SAN JUAN,True,0.0
2018,12,LITORAL,BUENOS AIRES,True,0.0
2018,12,LITORAL,SANTA FE,True,0.0
2019,1,LITORAL,BUENOS AIRES,True,0.0
2019,1,LITORAL,BUENOS AIRES,True,0.0
2019,1,GRAN BS.AS.,BUENOS AIRES,True,0.0
2019,1,GRAN BS.AS.,BUENOS AIRES,True,0.0
2019,1,CUYO,MENDOZA,True,0.0
2019,1,CUYO,MENDOZA,True,0.0
2019,1,GRAN BS.AS.,BUENOS AIRES,True,0.0
2019,1,GRAN BS.AS.,BUENOS AIRES,True,0.0
2019,1,GRAN BS.AS.,BUENOS AIRES,True,0.0
2019,1,GRAN BS.AS.,BUENOS AIRES,True,0.0
2019,1,CUYO,SAN JUAN,True,0.0
2019,1,CUYO,SAN JUAN,True,0.0
2019,1,CUYO,SAN JUAN,True,0.0
2019,1,LITORAL,BUENOS AIRES,True,0.0
2019,1,LITORAL,SANTA FE,True,0.0
2019,2,LITORAL,BUENOS AIRES,True,0.0
2019,2,LITORAL,BUENOS AIRES,True,0.0
2019,2,GRAN BS.AS.,BUENOS AIRES,True,0.0
2019,2,GRAN BS.AS.,BUENOS AIRES,True,0.0
2019,2,CUYO,MENDOZA,True,0.0
2019,2,CUYO,MENDOZA,True,0.0
2019,2,GRAN BS.AS.,BUENOS AIRES,True,0.0
2019,2,GRAN BS.AS.,BUENOS AIRES,True,0.0
2019,2,GRAN BS.AS.,BUENOS AIRES,True,0.0
2019,2,GRAN BS.AS.,BUENOS AIRES,True,0.0
2019,2,CUYO,SAN JUAN,True,0.0
2019,2,CUYO,SAN JUAN,True,0.0
2019,2,CUYO,SAN JUAN,True,0.0
2019,2,LITORAL,BUENOS AIRES,True,0.0
2019,2,LITORAL,SANTA FE,True,0.0
2019,3,LITORAL,BUENOS AIRES,True,0.0
2019,3,LITORAL,BUENOS AIRES,True,0.0
2019,3,GRAN BS.AS.,BUENOS AIRES,True,0.0
2019,3,GRAN BS.AS.,BUENOS AIRES,True,0.0
2019,3,CUYO,MENDOZA,True,0.0
2019,3,CUYO,MENDOZA,True,0.0
2019,3,GRAN BS.AS.,BUENOS AIRES,True,0.0
2019,3,GRAN BS.AS.,BUENOS AIRES,True,0.0
2019,3,GRAN BS.AS.,BUENOS AIRES,True,0.0
2019,3,GRAN BS.AS.,BUENOS AIRES,True,0.0
2019,3,CUYO,SAN JUAN,True,0.0
2019,3,CUYO,SAN JUAN,True,0.0
2019,3,CUYO,SAN JUAN,True,0.0
2019,3,LITORAL,BUENOS AIRES,True,0.0
2019,3,LITORAL,SANTA FE,True,0.0
2019,4,LITORAL,BUENOS AIRES,True,0.0
2019,4,LITORAL,BUENOS AIRES,True,0.0
2019,4,GRAN BS.AS.,BUENOS AIRES,True,0.0
2019,4,GRAN BS.AS.,BUENOS AIRES,True,0.0
2019,4,CUYO,MENDOZA,True,0.0
2019,4,CUYO,MENDOZA,True,0.0
2019,4,GRAN BS.AS.,BUENOS AIRES,True,0.0
2019,4,GRAN BS.AS.,BUENOS AIRES,True,0.0
2019,4,GRAN BS.AS.,BUENOS AIRES,True,0.0
2019,4,GRAN BS.AS.,BUENOS AIRES,True,0.0
2019,4,CUYO,SAN JUAN,True,0.0
2019,4,CUYO,SAN JUAN,True,0.0
2019,4,CUYO,SAN JUAN,True,0.0
2019,4,LITORAL,BUENOS AIRES,True,0.0
2019,4,LITORAL,SANTA FE,True,0.0
2019,5,LITORAL,BUENOS AIRES,True,0.0
2019,5,LITORAL,BUENOS AIRES,True,0.0
2019,5,GRAN BS.AS.,BUENOS AIRES,True,0.0
2019,5,GRAN BS.AS.,BUENOS AIRES,True,0.0
2019,5,CUYO,MENDOZA,True,0.0
2019,5,CUYO,MENDOZA,True,0.0
2019,5,GRAN BS.AS.,BUENOS AIRES,True,0.0
2019,5,GRAN BS.AS.,BUENOS AIRES,True,0.0
2019,5,GRAN BS.AS.,BUENOS AIRES,True,0.0
2019,5,GRAN BS.AS.,BUENOS AIRES,True,0.0
2019,5,CUYO,SAN JUAN,True,0.0
2019,5,CUYO,SAN JUAN,True,0.0
2019,5,CUYO,SAN JUAN,True,0.0
2019,5,LITORAL,BUENOS AIRES,True,0.0
2019,5,LITORAL,SANTA FE,True,0.0
2019,6,LITORAL,BUENOS AIRES,True,0.0
2019,6,LITORAL,BUENOS AIRES,True,0.0
2019,6,GRAN BS.AS.,BUENOS AIRES,True,0.0
2019,6,GRAN BS.AS.,BUENOS AIRES,True,0.0
2019,6,CUYO,MENDOZA,True,0.0
2019,6,CUYO,MENDOZA,True,0.0
2019,6,GRAN BS.AS.,BUENOS AIRES,True,0.0
2019,6,GRAN BS.AS.,BUENOS AIRES,True,0.0
2019,6,GRAN BS.AS.,BUENOS AIRES,True,0.0
2019,6,GRAN BS.AS.,BUENOS AIRES,True,0.0
2019,6,CUYO,SAN JUAN,True,0.0
2019,6,CUYO,SAN JUAN,True,0.0
2019,6,CUYO,SAN JUAN,True,0.0
2019,6,LITORAL,BUENOS AIRES,True,0.0
2019,6,LITORAL,SANTA FE,True,0.0
2019,7,LITORAL,BUENOS AIRES,True,0.0
2019,7,LITORAL,BUENOS AIRES,True,0.0
2019,7,GRAN BS.AS.,BUENOS AIRES,True,0.0
2019,7,GRAN BS.AS.,BUENOS AIRES,True,0.0
2019,7,CUYO,MENDOZA,True,0.0
2019,7,CUYO,MENDOZA,True,0.0
2019,7,GRAN BS.AS.,BUENOS AIRES,True,0.0
2019,7,GRAN BS.AS.,BUENOS AIRES,True,0.0
2019,7,GRAN BS.AS.,BUENOS AIRES,True,0.0
2019,7,GRAN BS.AS.,BUENOS AIRES,True,0.0
2019,7,CUYO,SAN JUAN,True,0.0
2019,7,CUYO,SAN JUAN,True,0.0
2019,7,CUYO,SAN JUAN,True,0.0
2019,7,LITORAL,BUENOS AIRES,True,0.0
2019,7,LITORAL,SANTA FE,True,0.0
2019,8,LITORAL,BUENOS AIRES,True,0.0
2019,8,LITORAL,BUENOS AIRES,True,0.0
2019,8,GRAN BS.AS.,BUENOS AIRES,True,0.0
2019,8,GRAN BS.AS.,BUENOS AIRES,True,0.0
2019,8,CUYO,MENDOZA,True,0.0
2019,8,CUYO,MENDOZA,True,0.0
2019,8,GRAN BS.AS.,BUENOS AIRES,True,0.0
2019,8,GRAN BS.AS.,BUENOS AIRES,True,0.0
2019,8,GRAN BS.AS.,BUENOS AIRES,True,0.0
2019,8,GRAN BS.AS.,BUENOS AIRES,True,0.0
2019,8,CUYO,SAN JUAN,True,0.0
2019,8,CUYO,SAN JUAN,True,0.0
2019,8,CUYO,SAN JUAN,True,0.0
2019,8,LITORAL,BUENOS AIRES,True,0.0
2019,8,LITORAL,SANTA FE,True,0.0
2019,9,LITORAL,BUENOS AIRES,True,0.0
2019,9,LITORAL,BUENOS AIRES,True,0.0
2019,9,GRAN BS.AS.,BUENOS AIRES,True,0.0
2019,9,GRAN BS.AS.,BUENOS AIRES,True,0.0
2019,9,CUYO,MENDOZA,True,0.0
2019,9,CUYO,MENDOZA,True,0.0
2019,9,GRAN BS.AS.,BUENOS AIRES,True,0.0
2019,9,GRAN BS.AS.,BUENOS AIRES,True,0.0
2019,9,GRAN BS.AS.,BUENOS AIRES,True,0.0
2019,9,GRAN BS.AS.,BUENOS AIRES,True,0.0
2019,9,CUYO,SAN JUAN,True,0.0
2019,9,CUYO,SAN JUAN,True,0.0
2019,9,CUYO,SAN JUAN,True,0.0
2019,9,LITORAL,BUENOS AIRES,True,0.0
2019,9,LITORAL,SANTA FE,True,0.0
2019,10,LITORAL,BUENOS AIRES,True,0.0
2019,10,LITORAL,BUENOS AIRES,True,0.0
2019,10,GRAN BS.AS.,BUENOS AIRES,True,0.0
2019,10,GRAN BS.AS.,BUENOS AIRES,True,0.0
2019,10,CUYO,MENDOZA,True,0.0
2019,10,CUYO,MENDOZA,True,0.0
2019,10,GRAN BS.AS.,BUENOS AIRES,True,0.0
2019,10,GRAN BS.AS.,BUENOS AIRES,True,0.0
2019,10,GRAN BS.AS.,BUENOS AIRES,True,0.0
2019,10,GRAN BS.AS.,BUENOS AIRES,True,0.0
2019,10,CUYO,SAN JUAN,True,0.0
2019,10,CUYO,SAN JUAN,True,0.0
2019,10,CUYO,SAN JUAN,True,0.0
2019,10,LITORAL,BUENOS AIRES,True,0.0
2019,10,LITORAL,SANTA FE,True,0.0
2019,11,LITORAL,BUENOS AIRES,True,0.0
2019,11,LITORAL,BUENOS AIRES,True,0.0
2019,11,GRAN BS.AS.,BUENOS AIRES,True,0.0
2019,11,GRAN BS.AS.,BUENOS AIRES,True,0.0
2019,11,CUYO,MENDOZA,True,0.0
2019,11,CUYO,MENDOZA,True,0.0
2019,11,GRAN BS.AS.,BUENOS AIRES,True,0.0
2019,11,GRAN BS.AS.,BUENOS AIRES,True,0.0
2019,11,GRAN BS.AS.,BUENOS AIRES,True,0.0
2019,11,GRAN BS.AS.,BUENOS AIRES,True,0.0
2019,11,CUYO,SAN JUAN,True,0.0
2019,11,CUYO,SAN JUAN,True,0.0
2019,11,CUYO,SAN JUAN,True,0.0
2019,11,LITORAL,BUENOS AIRES,True,0.0
2019,11,LITORAL,SANTA FE,True,0.0
2019,12,LITORAL,BUENOS AIRES,True,0.0
2019,12,LITORAL,BUENOS AIRES,True,0.0
2019,12,GRAN BS.AS.,BUENOS AIRES,True,0.0
2019,12,GRAN BS.AS.,BUENOS AIRES,True,0.0
2019,12,CUYO,MENDOZA,True,0.0
2019,12,CUYO,MENDOZA,True,0.0
2019,12,GRAN BS.AS.,BUENOS AIRES,True,0.0
2019,12,GRAN BS.AS.,BUENOS AIRES,True,0.0
2019,12,GRAN BS.AS.,BUENOS AIRES,True,0.0
2019,12,GRAN BS.AS.,BUENOS AIRES,True,0.0
2019,12,CUYO,SAN JUAN,True,0.0
2019,12,CUYO,SAN JUAN,True,0.0
2019,12,CUYO,SAN JUAN,True,0.0
2019,12,LITORAL,BUENOS AIRES,True,0.0
2019,12,LITORAL,SANTA FE,True,0.0
2020,1,LITORAL,BUENOS AIRES,True,0.0
2020,1,LITORAL,BUENOS AIRES,True,0.0
2020,1,GRAN BS.AS.,BUENOS AIRES,True,0.0
2020,1,GRAN BS.AS.,BUENOS AIRES,True,0.0
2020,1,CUYO,MENDOZA,True,0.0
2020,1,CUYO,MENDOZA,True,0.0
2020,1,GRAN BS.AS.,BUENOS AIRES,True,0.0
2020,1,GRAN BS.AS.,BUENOS AIRES,True,0.0
2020,1,GRAN BS.AS.,BUENOS AIRES,True,0.0
2020,1,GRAN BS.AS.,BUENOS AIRES,True,0.0
2020,1,CUYO,SAN JUAN,True,0.0
2020,1,CUYO,SAN JUAN,True,0.0
2020,1,CUYO,SAN JUAN,True,0.0
2020,1,LITORAL,BUENOS AIRES,True,0.0
2020,1,LITORAL,SANTA FE,True,0.0
2020,2,LITORAL,BUENOS AIRES,True,0.0
2020,2,LITORAL,BUENOS AIRES,True,0.0
2020,2,GRAN BS.AS.,BUENOS AIRES,True,0.0
2020,2,GRAN BS.AS.,BUENOS AIRES,True,0.0
2020,2,CUYO,MENDOZA,True,0.0
2020,2,CUYO,MENDOZA,True,0.0
2020,2,GRAN BS.AS.,BUENOS AIRES,True,0.0
2020,2,GRAN BS.AS.,BUENOS AIRES,True,0.0
2020,2,GRAN BS.AS.,BUENOS AIRES,True,0.0
2020,2,GRAN BS.AS.,BUENOS AIRES,True,0.0
2020,2,CUYO,SAN JUAN,True,0.0
2020,2,CUYO,SAN JUAN,True,0.0
2020,2,CUYO,SAN JUAN,True,0.0
2020,2,LITORAL,BUENOS AIRES,True,0.0
2020,2,LITORAL,SANTA FE,True,0.0
2020,3,LITORAL,BUENOS AIRES,True,0.0
2020,3,LITORAL,BUENOS AIRES,True,0.0
2020,3,GRAN BS.AS.,BUENOS AIRES,True,0.0
2020,3,GRAN BS.AS.,BUENOS AIRES,True,0.0
2020,3,CUYO,MENDOZA,True,0.0
2020,3,CUYO,MENDOZA,True,0.0
2020,3,GRAN BS.AS.,BUENOS AIRES,True,0.0
2020,3,GRAN BS.AS.,BUENOS AIRES,True,0.0
2020,3,GRAN BS.AS.,BUENOS AIRES,True,0.0
2020,3,GRAN BS.AS.,BUENOS AIRES,True,0.0
2020,3,CUYO,SAN JUAN,True,0.0
2020,3,CUYO,SAN JUAN,True,0.0
2020,3,CUYO,SAN JUAN,True,0.0
2020,3,LITORAL,BUENOS AIRES,True,0.0
2020,3,LITORAL,SANTA FE,True,0.0
2020,4,LITORAL,BUENOS AIRES,True,0.0
2020,4,LITORAL,BUENOS AIRES,True,0.0
2020,4,GRAN BS.AS.,BUENOS AIRES,True,0.0
2020,4,GRAN BS.AS.,BUENOS AIRES,True,0.0
2020,4,CUYO,MENDOZA,True,0.0
2020,4,CUYO,MENDOZA,True,0.0
2020,4,GRAN BS.AS.,BUENOS AIRES,True,0.0
2020,4,GRAN BS.AS.,BUENOS AIRES,True,0.0
2020,4,GRAN BS.AS.,BUENOS AIRES,True,0.0
2020,4,GRAN BS.AS.,BUENOS AIRES,True,0.0
2020,4,CUYO,SAN JUAN,True,0.0
2020,4,CUYO,SAN JUAN,True,0.0
2020,4,CUYO,SAN JUAN,True,0.0
2020,4,LITORAL,BUENOS AIRES,True,0.0
2020,4,LITORAL,SANTA FE,True,0.0
2020,5,LITORAL,BUENOS AIRES,True,0.0
2020,5,LITORAL,BUENOS AIRES,True,0.0
2020,5,GRAN BS.AS.,BUENOS AIRES,True,0.0
2020,5,GRAN BS.AS.,BUENOS AIRES,True,0.0
2020,5,CUYO,MENDOZA,True,0.0
2020,5,CUYO,MENDOZA,True,0.0
2020,5,GRAN BS.AS.,BUENOS AIRES,True,0.0
2020,5,GRAN BS.AS.,BUENOS AIRES,True,0.0
2020,5,GRAN BS.AS.,BUENOS AIRES,True,0.0
2020,5,GRAN BS.AS.,BUENOS AIRES,True,0.0
2020,5,CUYO,SAN JUAN,True,0.0
2020,5,CUYO,SAN JUAN,True,0.0
2020,5,CUYO,SAN JUAN,True,0.0
2020,5,LITORAL,BUENOS AIRES,True,0.0
2020,5,LITORAL,SANTA FE,True,0.0
2020,6,LITORAL,BUENOS AIRES,True,0.0
2020,6,LITORAL,BUENOS AIRES,True,0.0
2020,6,GRAN BS.AS.,BUENOS AIRES,True,0.0
2020,6,GRAN BS.AS.,BUENOS AIRES,True,0.0
2020,6,CUYO,MENDOZA,True,0.0
2020,6,CUYO,MENDOZA,True,0.0
2020,6,GRAN BS.AS.,BUENOS AIRES,True,0.0
2020,6,GRAN BS.AS.,BUENOS AIRES,True,0.0
2020,6,GRAN BS.AS.,BUENOS AIRES,True,0.0
2020,6,GRAN BS.AS.,BUENOS AIRES,True,0.0
2020,6,CUYO,SAN JUAN,True,0.0
2020,6,CUYO,SAN JUAN,True,0.0
2020,6,CUYO,SAN JUAN,True,0.0
2020,6,LITORAL,BUENOS AIRES,True,0.0
2020,6,LITORAL,SANTA FE,True,0.0
2020,7,LITORAL,BUENOS AIRES,True,0.0
2020,7,LITORAL,BUENOS AIRES,True,0.0
2020,7,GRAN BS.AS.,BUENOS AIRES,True,0.0
2020,7,GRAN BS.AS.,BUENOS AIRES,True,0.0
2020,7,CUYO,MENDOZA,True,0.0
2020,7,CUYO,MENDOZA,True,0.0
2020,7,GRAN BS.AS.,BUENOS AIRES,True,0.0
2020,7,GRAN BS.AS.,BUENOS AIRES,True,0.0
2020,7,GRAN BS.AS.,BUENOS AIRES,True,0.0
2020,7,GRAN BS.AS.,BUENOS AIRES,True,0.0
2020,7,CUYO,SAN JUAN,True,0.0
2020,7,CUYO,SAN JUAN,True,0.0
2020,7,CUYO,SAN JUAN,True,0.0
2020,7,LITORAL,BUENOS AIRES,True,0.0
2020,7,LITORAL,SANTA FE,True,0.0
2020,8,LITORAL,BUENOS AIRES,True,0.0
2020,8,LITORAL,BUENOS AIRES,True,0.0
2020,8,GRAN BS.AS.,BUENOS AIRES,True,0.0
2020,8,GRAN BS.AS.,BUENOS AIRES,True,0.0
2020,8,CUYO,MENDOZA,True,0.0
2020,8,CUYO,MENDOZA,True,0.0
2020,8,GRAN BS.AS.,BUENOS AIRES,True,0.0
2020,8,GRAN BS.AS.,BUENOS AIRES,True,0.0
2020,8,GRAN BS.AS.,BUENOS AIRES,True,0.0
2020,8,GRAN BS.AS.,BUENOS AIRES,True,0.0
2020,8,CUYO,SAN JUAN,True,0.0
2020,8,CUYO,SAN JUAN,True,0.0
2020,8,CUYO,SAN JUAN,True,0.0
2020,8,LITORAL,BUENOS AIRES,True,0.0
2020,8,LITORAL,SANTA FE,True,0.0
2020,9,LITORAL,BUENOS AIRES,True,0.0
2020,9,LITORAL,BUENOS AIRES,True,0.0
2020,9,GRAN BS.AS.,BUENOS AIRES,True,0.0
2020,9,GRAN BS.AS.,BUENOS AIRES,True,0.0
2020,9,CUYO,MENDOZA,True,0.0
2020,9,CUYO,MENDOZA,True,0.0
2020,9,GRAN BS.AS.,BUENOS AIRES,True,0.0
2020,9,GRAN BS.AS.,BUENOS AIRES,True,0.0
2020,9,GRAN BS.AS.,BUENOS AIRES,True,0.0
2020,9,GRAN BS.AS.,BUENOS AIRES,True,0.0
2020,9,CUYO,SAN JUAN,True,0.0
2020,9,CUYO,SAN JUAN,True,0.0
2020,9,CUYO,SAN JUAN,True,0.0
2020,9,LITORAL,BUENOS AIRES,True,0.0
2020,9,LITORAL,SANTA FE,True,0.0
2020,10,LITORAL,BUENOS AIRES,True,0.0
2020,10,LITORAL,BUENOS AIRES,True,0.0
2020,10,GRAN BS.AS.,BUENOS AIRES,True,0.0
2020,10,GRAN BS.AS.,BUENOS AIRES,True,0.0
2020,10,CUYO,MENDOZA,True,0.0
2020,10,CUYO,MENDOZA,True,0.0
2020,10,GRAN BS.AS.,BUENOS AIRES,True,0.0
2020,10,GRAN BS.AS.,BUENOS AIRES,True,0.0
2020,10,GRAN BS.AS.,BUENOS AIRES,True,0.0
2020,10,GRAN BS.AS.,BUENOS AIRES,True,0.0
2020,10,CUYO,SAN JUAN,True,0.0
2020,10,CUYO,SAN JUAN,True,0.0
2020,10,CUYO,SAN JUAN,True,0.0
2020,10,LITORAL,BUENOS AIRES,True,0.0
2020,10,LITORAL,SANTA FE,True,0.0
2020,11,LITORAL,BUENOS AIRES,True,0.0
2020,11,LITORAL,BUENOS AIRES,True,0.0
2020,11,GRAN BS.AS.,BUENOS AIRES,True,0.0
2020,11,GRAN BS.AS.,BUENOS AIRES,True,0.0
2020,11,CUYO,MENDOZA,True,0.0
2020,11,CUYO,MENDOZA,True,0.0
2020,11,GRAN BS.AS.,BUENOS AIRES,True,0.0
2020,11,GRAN BS.AS.,BUENOS AIRES,True,0.0
2020,11,GRAN BS.AS.,BUENOS AIRES,True,0.0
2020,11,GRAN BS.AS.,BUENOS AIRES,True,0.0
2020,11,CUYO,SAN JUAN,True,0.0
2020,11,CUYO,SAN JUAN,True,0.0
2020,11,CUYO,SAN JUAN,True,0.0
2020,11,LITORAL,BUENOS AIRES,True,0.0
2020,11,LITORAL,SANTA FE,True,0.0
2020,12,LITORAL,BUENOS AIRES,True,0.0
2020,12,LITORAL,BUENOS AIRES,True,0.0
2020,12,GRAN BS.AS.,BUENOS AIRES,True,0.0
2020,12,GRAN BS.AS.,BUENOS AIRES,True,0.0
2020,12,CUYO,MENDOZA,True,0.0
2020,12,CUYO,MENDOZA,True,0.0
2020,12,GRAN BS.AS.,BUENOS AIRES,True,0.0
2020,12,GRAN BS.AS.,BUENOS AIRES,True,0.0
2020,12,GRAN BS.AS.,BUENOS AIRES,True,0.0
2020,12,GRAN BS.AS.,BUENOS AIRES,True,0.0
2020,12,CUYO,SAN JUAN,True,0.0
2020,12,CUYO,SAN JUAN,True,0.0
2020,12,CUYO,SAN JUAN,True,0.0
2020,12,LITORAL,BUENOS AIRES,True,0.0
2020,12,LITORAL,SANTA FE,True,0.0
2021,1,LITORAL,BUENOS AIRES,True,0.0
2021,1,LITORAL,BUENOS AIRES,True,0.0
2021,1,GRAN BS.AS.,BUENOS AIRES,True,0.0
2021,1,GRAN BS.AS.,BUENOS AIRES,True,0.0
2021,1,CUYO,MENDOZA,True,0.0
2021,1,CUYO,MENDOZA,True,0.0
2021,1,GRAN BS.AS.,BUENOS AIRES,True,0.0
2021,1,GRAN BS.AS.,BUENOS AIRES,True,0.0
2021,1,GRAN BS.AS.,BUENOS AIRES,True,0.0
2021,1,GRAN BS.AS.,BUENOS AIRES,True,0.0
2021,1,CUYO,SAN JUAN,True,0.0
2021,1,CUYO,SAN JUAN,True,0.0
2021,1,CUYO,SAN JUAN,True,0.0
2021,1,LITORAL,BUENOS AIRES,True,0.0
2021,1,LITORAL,SANTA FE,True,0.0
2021,2,LITORAL,BUENOS AIRES,True,0.0
2021,2,LITORAL,BUENOS AIRES,True,0.0
2021,2,GRAN BS.AS.,BUENOS AIRES,True,0.0
2021,2,GRAN BS.AS.,BUENOS AIRES,True,0.0
2021,2,CUYO,MENDOZA,True,0.0
2021,2,CUYO,MENDOZA,True,0.0
2021,2,GRAN BS.AS.,BUENOS AIRES,True,0.0
2021,2,GRAN BS.AS.,BUENOS AIRES,True,0.0
2021,2,GRAN BS.AS.,BUENOS AIRES,True,0.0
2021,2,GRAN BS.AS.,BUENOS AIRES,True,0.0
2021,2,CUYO,SAN JUAN,True,0.0
2021,2,CUYO,SAN JUAN,True,0.0
2021,2,CUYO,SAN JUAN,True,0.0
2021,2,LITORAL,BUENOS AIRES,True,0.0
2021,2,LITORAL,SANTA FE,True,0.0
2021,3,LITORAL,BUENOS AIRES,True,0.0
2021,3,LITORAL,BUENOS AIRES,True,0.0
2021,3,GRAN BS.AS.,BUENOS AIRES,True,0.0
2021,3,GRAN BS.AS.,BUENOS AIRES,True,0.0
2021,3,CUYO,MENDOZA,True,0.0
2021,3,GRAN BS.AS.,BUENOS AIRES,True,0.0
2021,3,GRAN BS.AS.,BUENOS AIRES,True,0.0
2021,3,GRAN BS.AS.,BUENOS AIRES,True,0.0
2021,3,GRAN BS.AS.,BUENOS AIRES,True,0.0
2021,3,CUYO,SAN JUAN,True,0.0
2021,3,CUYO,SAN JUAN,True,0.0
2021,3,CUYO,SAN JUAN,True,0.0
2021,3,LITORAL,BUENOS AIRES,True,0.0
2021,3,LITORAL,SANTA FE,True,0.0
2021,4,LITORAL,BUENOS AIRES,True,0.0
2021,4,LITORAL,BUENOS AIRES,True,0.0
2021,4,GRAN BS.AS.,BUENOS AIRES,True,0.0
2021,4,GRAN BS.AS.,BUENOS AIRES,True,0.0
2021,4,CUYO,MENDOZA,True,0.0
2021,4,CUYO,MENDOZA,True,0.0
2021,4,GRAN BS.AS.,BUENOS AIRES,True,0.0
2021,4,GRAN BS.AS.,BUENOS AIRES,True,0.0
2021,4,GRAN BS.AS.,BUENOS AIRES,True,0.0
2021,4,GRAN BS.AS.,BUENOS AIRES,True,0.0
2021,4,CUYO,SAN JUAN,True,0.0
2021,4,CUYO,SAN JUAN,True,0.0
2021,4,CUYO,SAN JUAN,True,0.0
2021,4,LITORAL,BUENOS AIRES,True,0.0
2021,4,LITORAL,SANTA FE,True,0.0
2021,5,LITORAL,BUENOS AIRES,True,0.0
2021,5,LITORAL,BUENOS AIRES,True,0.0
2021,5,GRAN BS.AS.,BUENOS AIRES,True,0.0
2021,5,GRAN BS.AS.,BUENOS AIRES,True,0.0
2021,5,CUYO,MENDOZA,True,0.0
2021,5,CUYO,MENDOZA,True,0.0
2021,5,GRAN BS.AS.,BUENOS AIRES,True,0.0
2021,5,GRAN BS.AS.,BUENOS AIRES,True,0.0
2021,5,GRAN BS.AS.,BUENOS AIRES,True,0.0
2021,5,GRAN BS.AS.,BUENOS AIRES,True,0.0
2021,5,CUYO,SAN JUAN,True,0.0
2021,5,CUYO,SAN JUAN,True,0.0
2021,5,CUYO,SAN JUAN,True,0.0
2021,5,LITORAL,BUENOS AIRES,True,0.0
2021,5,LITORAL,SANTA FE,True,0.0
2021,6,LITORAL,BUENOS AIRES,True,0.0
2021,6,LITORAL,BUENOS AIRES,True,0.0
2021,6,GRAN BS.AS.,BUENOS AIRES,True,0.0
2021,6,GRAN BS.AS.,BUENOS AIRES,True,0.0
2021,6,CUYO,MENDOZA,True,0.0
2021,6,CUYO,MENDOZA,True,0.0
2021,6,GRAN BS.AS.,BUENOS AIRES,True,0.0
2021,6,GRAN BS.AS.,BUENOS AIRES,True,0.0
2021,6,GRAN BS.AS.,BUENOS AIRES,True,0.0
2021,6,GRAN BS.AS.,BUENOS AIRES,True,0.0
2021,6,CUYO,SAN JUAN,True,0.0
2021,6,CUYO,SAN JUAN,True,0.0
2021,6,CUYO,SAN JUAN,True,0.0
2021,6,LITORAL,BUENOS AIRES,True,0.0
2021,6,LITORAL,SANTA FE,True,0.0
2021,7,LITORAL,BUENOS AIRES,True,0.0
2021,7,LITORAL,BUENOS AIRES,True,0.0
2021,7,GRAN BS.AS.,BUENOS AIRES,True,0.0
2021,7,GRAN BS.AS.,BUENOS AIRES,True,0.0
2021,7,CUYO,MENDOZA,True,0.0
2021,7,CUYO,MENDOZA,True,0.0
2021,7,GRAN BS.AS.,BUENOS AIRES,True,0.0
2021,7,GRAN BS.AS.,BUENOS AIRES,True,0.0
2021,7,GRAN BS.AS.,BUENOS AIRES,True,0.0
2021,7,GRAN BS.AS.,BUENOS AIRES,True,0.0
2021,7,CUYO,SAN JUAN,True,0.0
2021,7,CUYO,SAN JUAN,True,0.0
2021,7,CUYO,SAN JUAN,True,0.0
2021,7,LITORAL,BUENOS AIRES,True,0.0
2021,7,LITORAL,SANTA FE,True,0.0
2021,8,LITORAL,BUENOS AIRES,True,0.0
2021,8,LITORAL,BUENOS AIRES,True,0.0
2021,8,GRAN BS.AS.,BUENOS AIRES,True,0.0
2021,8,GRAN BS.AS.,BUENOS AIRES,True,0.0
2021,8,CUYO,MENDOZA,True,0.0
2021,8,CUYO,MENDOZA,True,0.0
2021,8,GRAN BS.AS.,BUENOS AIRES,True,0.0
2021,8,GRAN BS.AS.,BUENOS AIRES,True,0.0
2021,8,GRAN BS.AS.,BUENOS AIRES,True,0.0
2021,8,GRAN BS.AS.,BUENOS AIRES,True,0.0
2021,8,CUYO,SAN JUAN,True,0.0
2021,8,CUYO,SAN JUAN,True,0.0
2021,8,CUYO,SAN JUAN,True,0.0
2021,8,LITORAL,BUENOS AIRES,True,0.0
2021,8,LITORAL,SANTA FE,True,0.0
2021,9,LITORAL,BUENOS AIRES,True,0.0
2021,9,LITORAL,BUENOS AIRES,True,0.0
2021,9,GRAN BS.AS.,BUENOS AIRES,True,0.0
2021,9,GRAN BS.AS.,BUENOS AIRES,True,0.0
2021,9,CUYO,MENDOZA,True,0.0
2021,9,CUYO,MENDOZA,True,0.0
2021,9,GRAN BS.AS.,BUENOS AIRES,True,0.0
2021,9,GRAN BS.AS.,BUENOS AIRES,True,0.0
2021,9,GRAN BS.AS.,BUENOS AIRES,True,0.0
2021,9,GRAN BS.AS.,BUENOS AIRES,True,0.0
2021,9,CUYO,SAN JUAN,True,0.0
2021,9,CUYO,SAN JUAN,True,0.0
2021,9,CUYO,SAN JUAN,True,0.0
2021,9,LITORAL,BUENOS AIRES,True,0.0
2021,9,LITORAL,SANTA FE,True,0.0
2021,10,LITORAL,BUENOS AIRES,True,0.0
2021,10,LITORAL,BUENOS AIRES,True,0.0
2021,10,GRAN BS.AS.,BUENOS AIRES,True,0.0
2021,10,GRAN BS.AS.,BUENOS AIRES,True,0.0
2021,10,CUYO,MENDOZA,True,0.0
2021,10,CUYO,MENDOZA,True,0.0
2021,10,GRAN BS.AS.,BUENOS AIRES,True,0.0
2021,10,GRAN BS.AS.,BUENOS AIRES,True,0.0
2021,10,GRAN BS.AS.,BUENOS AIRES,True,0.0
2021,10,GRAN BS.AS.,BUENOS AIRES,True,0.0
2021,10,CUYO,SAN JUAN,True,0.0
2021,10,CUYO,SAN JUAN,True,0.0
2021,10,CUYO,SAN JUAN,True,0.0
2021,10,LITORAL,BUENOS AIRES,True,0.0
2021,10,LITORAL,SANTA FE,True,0.0
2021,11,LITORAL,BUENOS AIRES,True,0.0
2021,11,LITORAL,BUENOS AIRES,True,0.0
2021,11,GRAN BS.AS.,BUENOS AIRES,True,0.0
2021,11,GRAN BS.AS.,BUENOS AIRES,True,0.0
2021,11,CUYO,MENDOZA,True,0.0
2021,11,CUYO,MENDOZA,True,0.0
2021,11,GRAN BS.AS.,BUENOS AIRES,True,0.0
2021,11,GRAN BS.AS.,BUENOS AIRES,True,0.0
2021,11,GRAN BS.AS.,BUENOS AIRES,True,0.0
2021,11,GRAN BS.AS.,BUENOS AIRES,True,0.0
2021,11,CUYO,SAN JUAN,True,0.0
2021,11,CUYO,SAN JUAN,True,0.0
2021,11,CUYO,SAN JUAN,True,0.0
2021,11,LITORAL,BUENOS AIRES,True,0.0
2021,11,LITORAL,SANTA FE,True,0.0
2021,12,LITORAL,BUENOS AIRES,True,0.0
2021,12,LITORAL,BUENOS AIRES,True,0.0
2021,12,GRAN BS.AS.,BUENOS AIRES,True,0.0
2021,12,GRAN BS.AS.,BUENOS AIRES,True,0.0
2021,12,CUYO,MENDOZA,True,0.0
2021,12,CUYO,MENDOZA,True,0.0
2021,12,GRAN BS.AS.,BUENOS AIRES,True,0.0
2021,12,GRAN BS.AS.,BUENOS AIRES,True,0.0
2021,12,GRAN BS.AS.,BUENOS AIRES,True,0.0
2021,12,GRAN BS.AS.,BUENOS AIRES,True,0.0
2021,12,CUYO,SAN JUAN,True,0.0
2021,12,CUYO,SAN JUAN,True,0.0
2021,12,CUYO,SAN JUAN,True,0.0
2021,12,LITORAL,BUENOS AIRES,True,0.0
2021,12,LITORAL,SANTA FE,True,0.0
2022,1,LITORAL,BUENOS AIRES,True,0.0
2022,1,LITORAL,BUENOS AIRES,True,0.0
2022,1,GRAN BS.AS.,BUENOS AIRES,True,0.0
2022,1,GRAN BS.AS.,BUENOS AIRES,True,0.0
2022,1,CUYO,MENDOZA,True,0.0
2022,1,CUYO,MENDOZA,True,0.0
2022,1,GRAN BS.AS.,BUENOS AIRES,True,0.0
2022,1,GRAN BS.AS.,BUENOS AIRES,True,0.0
2022,1,GRAN BS.AS.,BUENOS AIRES,True,0.0
2022,1,GRAN BS.AS.,BUENOS AIRES,True,0.0
2022,1,CUYO,SAN JUAN,True,0.0
2022,1,CUYO,SAN JUAN,True,0.0
2022,1,CUYO,SAN JUAN,True,0.0
2022,1,LITORAL,BUENOS AIRES,True,0.0
2022,1,LITORAL,SANTA FE,True,0.0
2022,2,LITORAL,BUENOS AIRES,True,0.0
2022,2,LITORAL,BUENOS AIRES,True,0.0
2022,2,GRAN BS.AS.,BUENOS AIRES,True,0.0
2022,2,GRAN BS.AS.,BUENOS AIRES,True,0.0
2022,2,CUYO,MENDOZA,True,0.0
2022,2,CUYO,MENDOZA,True,0.0
2022,2,GRAN BS.AS.,BUENOS AIRES,True,0.0
2022,2,GRAN BS.AS.,BUENOS AIRES,True,0.0
2022,2,GRAN BS.AS.,BUENOS AIRES,True,0.0
2022,2,GRAN BS.AS.,BUENOS AIRES,True,0.0
2022,2,CUYO,SAN JUAN,True,0.0
2022,2,CUYO,SAN JUAN,True,0.0
2022,2,CUYO,SAN JUAN,True,0.0
2022,2,LITORAL,BUENOS AIRES,True,0.0
2022,2,LITORAL,SANTA FE,True,0.0
2022,3,LITORAL,BUENOS AIRES,True,0.0
2022,3,LITORAL,BUENOS AIRES,True,0.0
2022,3,GRAN BS.AS.,BUENOS AIRES,True,0.0
2022,3,GRAN BS.AS.,BUENOS AIRES,True,0.0
2022,3,CUYO,MENDOZA,True,0.0
2022,3,CUYO,MENDOZA,True,0.0
2022,3,GRAN BS.AS.,BUENOS AIRES,True,0.0
2022,3,GRAN BS.AS.,BUENOS AIRES,True,0.0
2022,3,GRAN BS.AS.,BUENOS AIRES,True,0.0
2022,3,GRAN BS.AS.,BUENOS AIRES,True,0.0
2022,3,CUYO,SAN JUAN,True,0.0
2022,3,CUYO,SAN JUAN,True,0.0
2022,3,CUYO,SAN JUAN,True,0.0
2022,3,LITORAL,BUENOS AIRES,True,0.0
2022,3,LITORAL,SANTA FE,True,0.0
2022,4,LITORAL,BUENOS AIRES,True,0.0
2022,4,LITORAL,BUENOS AIRES,True,0.0
2022,4,GRAN BS.AS.,BUENOS AIRES,True,0.0
2022,4,GRAN BS.AS.,BUENOS AIRES,True,0.0
2022,4,CUYO,MENDOZA,True,0.0
2022,4,CUYO,MENDOZA,True,0.0
2022,4,GRAN BS.AS.,BUENOS AIRES,True,0.0
2022,4,GRAN BS.AS.,BUENOS AIRES,True,0.0
2022,4,GRAN BS.AS.,BUENOS AIRES,True,0.0
2022,4,GRAN BS.AS.,BUENOS AIRES,True,0.0
2022,4,CUYO,SAN JUAN,True,0.0
2022,4,CUYO,SAN JUAN,True,0.0
2022,4,CUYO,SAN JUAN,True,0.0
2022,4,LITORAL,BUENOS AIRES,True,0.0
2022,4,LITORAL,SANTA FE,True,0.0
2022,5,LITORAL,BUENOS AIRES,True,0.0
2022,5,LITORAL,BUENOS AIRES,True,0.0
2022,5,GRAN BS.AS.,BUENOS AIRES,True,0.0
2022,5,GRAN BS.AS.,BUENOS AIRES,True,0.0
2022,5,CUYO,MENDOZA,True,0.0
2022,5,CUYO,MENDOZA,True,0.0
2022,5,GRAN BS.AS.,BUENOS AIRES,True,0.0
2022,5,GRAN BS.AS.,BUENOS AIRES,True,0.0
2022,5,GRAN BS.AS.,BUENOS AIRES,True,0.0
2022,5,GRAN BS.AS.,BUENOS AIRES,True,0.0
2022,5,CUYO,SAN JUAN,True,0.0
2022,5,CUYO,SAN JUAN,True,0.0
2022,5,CUYO,SAN JUAN,True,0.0
2022,5,LITORAL,BUENOS AIRES,True,0.0
2022,5,LITORAL,SANTA FE,True,0.0
2022,6,LITORAL,BUENOS AIRES,True,0.0
2022,6,LITORAL,BUENOS AIRES,True,0.0
2022,6,GRAN BS.AS.,BUENOS AIRES,True,0.0
2022,6,GRAN BS.AS.,BUENOS AIRES,True,0.0
2022,6,CUYO,MENDOZA,True,0.0
2022,6,CUYO,MENDOZA,True,0.0
2022,6,GRAN BS.AS.,BUENOS AIRES,True,0.0
2022,6,GRAN BS.AS.,BUENOS AIRES,True,0.0
2022,6,GRAN BS.AS.,BUENOS AIRES,True,0.0
2022,6,GRAN BS.AS.,BUENOS AIRES,True,0.0
2022,6,CUYO,SAN JUAN,True,0.0
2022,6,CUYO,SAN JUAN,True,0.0
2022,6,CUYO,SAN JUAN,True,0.0
2022,6,LITORAL,BUENOS AIRES,True,0.0
2022,6,LITORAL,SANTA FE,True,0.0
2022,7,LITORAL,BUENOS AIRES,True,0.0
2022,7,LITORAL,BUENOS AIRES,True,0.0
2022,7,GRAN BS.AS.,BUENOS AIRES,True,0.0
2022,7,GRAN BS.AS.,BUENOS AIRES,True,0.0
2022,7,CUYO,MENDOZA,True,0.0
2022,7,CUYO,MENDOZA,True,0.0
2022,7,GRAN BS.AS.,BUENOS AIRES,True,0.0
2022,7,GRAN BS.AS.,BUENOS AIRES,True,0.0
2022,7,GRAN BS.AS.,BUENOS AIRES,True,0.0
2022,7,GRAN BS.AS.,BUENOS AIRES,True,0.0
2022,7,CUYO,SAN JUAN,True,0.0
2022,7,CUYO,SAN JUAN,True,0.0
2022,7,CUYO,SAN JUAN,True,0.0
2022,7,LITORAL,BUENOS AIRES,True,0.0
2022,7,LITORAL,SANTA FE,True,0.0
2022,8,LITORAL,BUENOS AIRES,True,0.0
2022,8,GRAN BS.AS.,BUENOS AIRES,True,0.0
2022,8,CUYO,MENDOZA,True,0.0
2022,8,GRAN BS.AS.,BUENOS AIRES,True,0.0
2022,8,GRAN BS.AS.,BUENOS AIRES,True,0.0
2022,8,CUYO,SAN JUAN,True,0.0
2022,8,LITORAL,BUENOS AIRES,True,0.0
2022,8,LITORAL,SANTA FE,True,0.0
2022,9,LITORAL,BUENOS AIRES,True,0.0
2022,9,GRAN BS.AS.,BUENOS AIRES,True,0.0
2022,9,CUYO,MENDOZA,True,0.0
2022,9,GRAN BS.AS.,BUENOS AIRES,True,0.0
2022,9,GRAN BS.AS.,BUENOS AIRES,True,0.0
2022,9,CUYO,SAN JUAN,True,0.0
2022,9,LITORAL,BUENOS AIRES,True,0.0
2022,9,LITORAL,SANTA FE,True,0.0
2022,10,LITORAL,BUENOS AIRES,True,0.0
2022,10,GRAN BS.AS.,BUENOS AIRES,True,0.0
2022,10,CUYO,MENDOZA,True,0.0
2022,10,GRAN BS.AS.,BUENOS AIRES,True,0.0
2022,10,GRAN BS.AS.,BUENOS AIRES,True,0.0
2022,10,CUYO,SAN JUAN,True,0.0
2022,10,LITORAL,BUENOS AIRES,True,0.0
2022,10,LITORAL,SANTA FE,True,0.0
2022,11,LITORAL,BUENOS AIRES,True,0.0
2022,11,GRAN BS.AS.,BUENOS AIRES,True,0.0
2022,11,CUYO,MENDOZA,True,0.0
2022,11,GRAN BS.AS.,BUENOS AIRES,True,0.0
2022,11,GRAN BS.AS.,BUENOS AIRES,True,0.0
2022,11,CUYO,SAN JUAN,True,0.0
2022,11,LITORAL,BUENOS AIRES,True,0.0
2022,11,LITORAL,SANTA FE,True,0.0
2022,12,LITORAL,BUENOS AIRES,True,0.0
2022,12,GRAN BS.AS.,BUENOS AIRES,True,0.0
2022,12,CUYO,MENDOZA,True,0.0
2022,12,GRAN BS.AS.,BUENOS AIRES,True,0.0
2022,12,GRAN BS.AS.,BUENOS AIRES,True,0.0
2022,12,CUYO,SAN JUAN,True,0.0
2022,12,LITORAL,BUENOS AIRES,True,0.0
2022,12,LITORAL,SANTA FE,True,0.0
2023,1,LITORAL,BUENOS AIRES,True,0.0
2023,1,GRAN BS.AS.,BUENOS AIRES,True,0.0
2023,1,CUYO,MENDOZA,True,0.0
2023,1,GRAN BS.AS.,BUENOS AIRES,True,0.0
2023,1,GRAN BS.AS.,BUENOS AIRES,True,0.0
2023,1,CUYO,SAN JUAN,True,0.0
2023,1,LITORAL,BUENOS AIRES,True,0.0
2023,1,LITORAL,SANTA FE,True,0.0
2023,2,LITORAL,BUENOS AIRES,True,0.0
2023,2,GRAN BS.AS.,BUENOS AIRES,True,0.0
2023,2,CUYO,MENDOZA,True,0.0
2023,2,GRAN BS.AS.,BUENOS AIRES,True,0.0
2023,2,GRAN BS.AS.,BUENOS AIRES,True,0.0
2023,2,CUYO,SAN JUAN,True,0.0
2023,2,LITORAL,BUENOS AIRES,True,0.0
2023,2,LITORAL,SANTA FE,True,0.0
2023,3,LITORAL,BUENOS AIRES,True,0.0
2023,3,GRAN BS.AS.,BUENOS AIRES,True,0.0
2023,3,CUYO,MENDOZA,True,0.0
2023,3,GRAN BS.AS.,BUENOS AIRES,True,0.0
2023,3,GRAN BS.AS.,BUENOS AIRES,True,0.0
2023,3,CUYO,SAN JUAN,True,0.0
2023,3,LITORAL,BUENOS AIRES,True,0.0
2023,3,LITORAL,SANTA FE,True,0.0
2023,4,LITORAL,BUENOS AIRES,True,0.0
2023,4,GRAN BS.AS.,BUENOS AIRES,True,0.0
2023,4,CUYO,MENDOZA,True,0.0
2023,4,GRAN BS.AS.,BUENOS AIRES,True,0.0
2023,4,GRAN BS.AS.,BUENOS AIRES,True,0.0
2023,4,CUYO,SAN JUAN,True,0.0
2023,4,LITORAL,BUENOS AIRES,True,0.0
2023,4,LITORAL,SANTA FE,True,0.0
2023,5,LITORAL,BUENOS AIRES,True,0.0
2023,5,GRAN BS.AS.,BUENOS AIRES,True,0.0
2023,5,CUYO,MENDOZA,True,0.0
2023,5,GRAN BS.AS.,BUENOS AIRES,True,0.0
2023,5,GRAN BS.AS.,BUENOS AIRES,True,0.0
2023,5,CUYO,SAN JUAN,True,0.0
2023,5,LITORAL,BUENOS AIRES,True,0.0
2023,5,LITORAL,SANTA FE,True,0.0
2023,6,LITORAL,BUENOS AIRES,True,0.0
2023,6,GRAN BS.AS.,BUENOS AIRES,True,0.0
2023,6,CUYO,MENDOZA,True,0.0
2023,6,GRAN BS.AS.,BUENOS AIRES,True,0.0
2023,6,GRAN BS.AS.,BUENOS AIRES,True,0.0
2023,6,CUYO,SAN JUAN,True,0.0
2023,6,LITORAL,BUENOS AIRES,True,0.0
2023,6,LITORAL,SANTA FE,True,0.0
