anio,mes,region,prov,EOLICO,energia_gen
2011,1,7,8,True,0.1
2011,1,8,3,True,0.0
2011,1,0,0,True,0.0
2011,2,7,8,True,0.6
2011,2,8,3,True,0.0
2011,2,0,0,True,0.0
2011,3,7,8,True,0.7
2011,3,8,3,True,0.0
2011,3,0,0,True,0.0
2011,4,7,8,True,0.7
2011,4,8,3,True,0.0
2011,4,0,0,True,0.0
2011,5,7,8,True,0.8
2011,5,8,3,True,0.0
2011,5,0,0,True,0.0
2011,6,7,8,True,1.2
2011,6,8,3,True,0.0
2011,6,0,0,True,0.0
2011,7,7,8,True,1.1
2011,7,8,3,True,0.0
2011,7,0,0,True,0.0
2011,8,7,8,True,0.4
2011,8,8,3,True,0.0
2011,8,0,0,True,0.0
2011,9,7,8,True,0.1
2011,9,8,3,True,0.9
2011,9,0,0,True,0.0
2011,10,7,8,True,0.1
2011,10,8,3,True,1.3
2011,10,0,0,True,0.0
2011,11,7,8,True,0.3
2011,11,8,3,True,2.2
2011,11,0,0,True,0.0
2011,12,7,8,True,0.6
2011,12,8,3,True,1.9
2011,12,0,0,True,0.0
2011,12,8,3,True,0.9
2011,12,8,3,True,1.8
2012,1,7,8,True,0.8
2012,1,8,3,True,2.0
2012,1,0,0,True,0.0
2012,1,8,3,True,12.1
2012,1,8,3,True,3.9
2012,2,7,8,True,1.4
2012,2,8,3,True,1.8
2012,2,0,0,True,0.0
2012,2,8,3,True,12.0
2012,2,8,3,True,7.4
2012,3,7,8,True,2.2
2012,3,8,3,True,2.1
2012,3,0,0,True,0.0
2012,3,8,3,True,12.4
2012,3,8,3,True,7.8
2012,4,7,8,True,2.5
2012,4,8,3,True,2.2
2012,4,0,0,True,0.0
2012,4,8,3,True,12.8
2012,4,8,3,True,7.9
2012,5,7,8,True,2.7
2012,5,8,3,True,2.7
2012,5,0,0,True,0.0
2012,5,8,3,True,15.3
2012,5,8,3,True,9.2
2012,6,7,8,True,2.8
2012,6,8,3,True,2.7
2012,6,0,0,True,0.0
2012,6,8,3,True,18.9
2012,6,8,3,True,11.1
2012,7,7,8,True,3.5
2012,7,8,3,True,3.0
2012,7,0,0,True,0.0
2012,7,8,3,True,20.4
2012,7,8,3,True,12.2
2012,8,7,8,True,3.6
2012,8,8,3,True,2.3
2012,8,0,0,True,0.0
2012,8,8,3,True,13.8
2012,8,8,3,True,8.6
2012,9,7,8,True,4.0
2012,9,8,3,True,2.3
2012,9,0,0,True,0.0
2012,9,8,3,True,14.4
2012,9,8,3,True,8.8
2012,10,7,8,True,5.9
2012,10,8,3,True,2.1
2012,10,0,0,True,0.0
2012,10,8,3,True,11.2
2012,10,8,3,True,6.8
2012,11,7,8,True,4.4
2012,11,8,3,True,2.3
2012,11,0,0,True,0.0
2012,11,8,3,True,15.4
2012,11,8,3,True,9.6
2012,12,7,8,True,4.4
2012,12,8,3,True,2.7
2012,12,0,0,True,0.0
2012,12,8,3,True,18.7
2012,12,8,3,True,11.2
2013,1,7,8,True,3.9
2013,1,8,3,True,2.1
2013,1,0,0,True,0.0
2013,1,8,3,True,14.3
2013,1,8,3,True,8.9
2013,2,7,8,True,3.7
2013,2,8,3,True,1.5
2013,2,0,0,True,0.0
2013,2,8,3,True,13.3
2013,2,8,3,True,8.3
2013,3,7,8,True,4.3
2013,3,8,3,True,1.7
2013,3,0,0,True,0.0
2013,3,8,3,True,15.5
2013,3,8,3,True,9.6
2013,4,7,8,True,2.8
2013,4,8,3,True,2.0
2013,4,0,0,True,0.0
2013,4,8,3,True,10.3
2013,4,8,3,True,6.5
2013,5,7,8,True,2.7
2013,5,8,3,True,2.2
2013,5,0,0,True,0.0
2013,5,8,3,True,15.5
2013,5,8,3,True,9.4
2013,6,7,8,True,2.5
2013,6,8,3,True,3.1
2013,6,0,0,True,0.0
2013,6,8,3,True,18.7
2013,6,8,3,True,10.8
2013,7,7,8,True,4.4
2013,7,8,3,True,2.5
2013,7,8,3,True,3.3
2013,7,0,0,True,0.0
2013,7,8,3,True,15.7
2013,7,8,3,True,9.4
2013,7,8,3,True,0.1
2013,8,7,8,True,5.9
2013,8,8,3,True,2.7
2013,8,8,3,True,11.6
2013,8,0,0,True,0.0
2013,8,8,3,True,19.2
2013,8,8,3,True,11.2
2013,8,8,3,True,0.2
2013,9,7,8,True,6.1
2013,9,8,3,True,1.5
2013,9,8,3,True,11.5
2013,9,0,0,True,0.1
2013,9,8,3,True,12.4
2013,9,8,3,True,7.3
2013,9,8,3,True,0.1
2013,10,7,8,True,7.6
2013,10,8,3,True,2.3
2013,10,8,3,True,15.0
2013,10,0,0,True,0.0
2013,10,8,3,True,14.6
2013,10,8,3,True,8.9
2013,10,8,3,True,0.3
2013,11,7,8,True,7.4
2013,11,8,3,True,2.2
2013,11,8,3,True,14.0
2013,11,0,0,True,0.0
2013,11,8,3,True,14.0
2013,11,8,3,True,7.9
2013,11,8,3,True,0.4
2013,12,7,8,True,6.3
2013,12,8,3,True,2.7
2013,12,8,3,True,15.7
2013,12,0,0,True,0.0
2013,12,8,3,True,17.2
2013,12,8,3,True,10.6
2013,12,8,3,True,0.6
2014,1,7,8,True,3.4
2014,1,8,3,True,3.0
2014,1,8,3,True,17.2
2014,1,0,0,True,0.0
2014,1,8,3,True,16.0
2014,1,8,3,True,10.4
2014,1,8,3,True,0.8
2014,2,7,8,True,3.1
2014,2,7,8,True,4.4
2014,2,8,3,True,2.3
2014,2,8,3,True,14.9
2014,2,0,0,True,0.0
2014,2,8,3,True,13.8
2014,2,8,3,True,8.9
2014,2,8,3,True,0.4
2014,3,7,8,True,2.6
2014,3,7,8,True,4.6
2014,3,8,3,True,2.5
2014,3,8,3,True,16.6
2014,3,0,0,True,0.0
2014,3,8,3,True,15.9
2014,3,8,3,True,9.7
2014,3,8,3,True,0.5
2014,4,7,8,True,2.7
2014,4,7,8,True,5.0
2014,4,8,3,True,1.9
2014,4,8,3,True,15.3
2014,4,0,0,True,0.0
2014,4,8,3,True,13.5
2014,4,8,3,True,8.2
2014,4,8,3,True,0.3
2014,5,7,8,True,2.3
2014,5,7,8,True,3.5
2014,5,8,3,True,2.4
2014,5,8,3,True,14.6
2014,5,0,0,True,0.0
2014,5,8,3,True,13.2
2014,5,8,3,True,8.3
2014,5,8,3,True,0.5
2014,6,7,8,True,2.2
2014,6,7,8,True,4.0
2014,6,8,3,True,2.5
2014,6,8,3,True,14.5
2014,6,0,0,True,0.0
2014,6,8,3,True,13.4
2014,6,8,3,True,8.1
2014,6,8,3,True,0.7
2014,7,7,8,True,2.1
2014,7,7,8,True,3.4
2014,7,8,3,True,2.4
2014,7,8,3,True,15.4
2014,7,0,0,True,0.0
2014,7,8,3,True,14.0
2014,7,8,3,True,8.3
2014,7,8,3,True,1.0
2014,8,7,8,True,2.7
2014,8,7,8,True,4.4
2014,8,8,3,True,2.4
2014,8,8,3,True,17.9
2014,8,0,0,True,0.0
2014,8,8,3,True,17.9
2014,8,8,3,True,10.7
2014,8,8,3,True,0.4
2014,9,7,8,True,3.8
2014,9,7,8,True,6.5
2014,9,8,3,True,2.3
2014,9,8,3,True,16.8
2014,9,0,0,True,0.0
2014,9,8,3,True,17.3
2014,9,8,3,True,10.4
2014,9,8,3,True,0.5
2014,10,7,8,True,3.8
2014,10,7,8,True,6.4
2014,10,8,3,True,2.4
2014,10,8,3,True,14.5
2014,10,0,0,True,0.0
2014,10,8,3,True,14.1
2014,10,8,3,True,8.6
2014,10,8,3,True,0.5
2014,11,7,8,True,3.8
2014,11,7,8,True,6.8
2014,11,8,3,True,2.7
2014,11,8,3,True,16.9
2014,11,0,0,True,0.0
2014,11,8,3,True,16.6
2014,11,8,3,True,10.0
2014,11,8,3,True,0.5
2014,12,7,8,True,4.2
2014,12,7,8,True,7.6
2014,12,8,3,True,2.6
2014,12,8,3,True,15.1
2014,12,0,0,True,0.0
2014,12,8,3,True,16.6
2014,12,8,3,True,10.0
2014,12,8,3,True,0.5
2015,1,7,8,True,2.9
2015,1,7,8,True,4.4
2015,1,8,3,True,2.2
2015,1,8,3,True,15.7
2015,1,0,0,True,0.0
2015,1,8,3,True,16.2
2015,1,8,3,True,10.0
2015,1,8,3,True,0.3
2015,2,7,8,True,2.6
2015,2,7,8,True,4.1
2015,2,8,3,True,1.8
2015,2,8,3,True,13.4
2015,2,0,0,True,0.0
2015,2,8,3,True,12.6
2015,2,8,3,True,8.1
2015,2,8,3,True,0.2
2015,3,7,8,True,3.0
2015,3,7,8,True,4.2
2015,3,8,3,True,2.5
2015,3,8,3,True,12.5
2015,3,0,0,True,0.0
2015,3,8,3,True,11.6
2015,3,8,3,True,7.4
2015,3,8,3,True,0.3
2015,4,7,8,True,2.3
2015,4,7,8,True,3.7
2015,4,8,3,True,1.9
2015,4,8,3,True,14.6
2015,4,0,0,True,0.0
2015,4,8,3,True,13.3
2015,4,8,3,True,8.5
2015,4,8,3,True,0.2
2015,5,7,8,True,1.9
2015,5,7,8,True,3.2
2015,5,8,3,True,2.4
2015,5,8,3,True,16.3
2015,5,0,0,True,0.0
2015,5,8,3,True,14.9
2015,5,8,3,True,9.2
2015,5,8,3,True,0.4
2015,6,7,8,True,1.8
2015,6,7,8,True,2.8
2015,6,8,3,True,2.4
2015,6,8,3,True,18.3
2015,6,0,0,True,0.0
2015,6,8,3,True,18.6
2015,6,8,3,True,11.1
2015,6,8,3,True,0.3
2015,7,7,8,True,1.8
2015,7,7,8,True,3.2
2015,7,8,3,True,2.7
2015,7,8,3,True,17.3
2015,7,0,0,True,0.0
2015,7,8,3,True,16.7
2015,7,8,3,True,10.5
2015,7,8,3,True,0.6
2015,8,7,8,True,2.8
2015,8,7,8,True,4.9
2015,8,8,3,True,1.8
2015,8,8,3,True,16.7
2015,8,0,0,True,0.0
2015,8,8,3,True,15.3
2015,8,8,3,True,9.8
2015,8,8,3,True,0.7
2015,9,7,8,True,3.7
2015,9,7,8,True,6.5
2015,9,8,3,True,2.1
2015,9,8,3,True,14.3
2015,9,0,0,True,0.0
2015,9,8,3,True,13.5
2015,9,8,3,True,8.5
2015,9,8,3,True,0.5
2015,10,7,8,True,4.4
2015,10,7,8,True,7.8
2015,10,8,3,True,2.0
2015,10,8,3,True,14.6
2015,10,0,0,True,0.0
2015,10,8,3,True,14.6
2015,10,8,3,True,9.0
2015,10,8,3,True,0.4
2015,11,7,8,True,3.9
2015,11,7,8,True,6.4
2015,11,8,3,True,2.1
2015,11,8,3,True,13.0
2015,11,0,0,True,0.0
2015,11,8,3,True,12.5
2015,11,8,3,True,7.9
2015,11,8,3,True,0.4
2015,12,7,8,True,3.6
2015,12,7,8,True,6.2
2015,12,8,3,True,2.8
2015,12,8,3,True,16.4
2015,12,0,0,True,0.0
2015,12,8,3,True,16.4
2015,12,8,3,True,10.0
2015,12,8,3,True,0.4
2016,1,7,8,True,3.2
2016,1,7,8,True,5.5
2016,1,8,3,True,1.6
2016,1,8,3,True,15.3
2016,1,0,0,True,0.0
2016,1,8,3,True,14.3
2016,1,8,3,True,8.7
2016,1,8,3,True,0.4
2016,2,7,8,True,3.2
2016,2,7,8,True,5.1
2016,2,8,3,True,2.1
2016,2,8,3,True,12.9
2016,2,0,0,True,0.0
2016,2,8,3,True,12.8
2016,2,8,3,True,7.9
2016,2,8,3,True,0.6
2016,3,7,8,True,3.0
2016,3,7,8,True,4.6
2016,3,8,3,True,1.9
2016,3,8,3,True,16.6
2016,3,0,0,True,0.0
2016,3,8,3,True,13.9
2016,3,8,3,True,9.0
2016,3,8,3,True,1.0
2016,4,7,8,True,3.0
2016,4,7,8,True,5.4
2016,4,8,3,True,1.5
2016,4,8,3,True,16.7
2016,4,0,0,True,0.0
2016,4,8,3,True,14.9
2016,4,8,3,True,9.2
2016,4,8,3,True,0.6
2016,5,7,8,True,2.8
2016,5,7,8,True,5.0
2016,5,8,3,True,0.5
2016,5,8,3,True,10.4
2016,5,0,0,True,0.0
2016,5,8,3,True,8.9
2016,5,8,3,True,6.0
2016,5,8,3,True,0.1
2016,6,7,8,True,1.9
2016,6,7,8,True,3.2
2016,6,8,3,True,2.0
2016,6,8,3,True,13.5
2016,6,0,0,True,0.0
2016,6,8,3,True,12.7
2016,6,8,3,True,7.8
2016,6,8,3,True,1.0
2016,7,7,8,True,2.1
2016,7,7,8,True,3.9
2016,7,8,3,True,1.8
2016,7,8,3,True,12.4
2016,7,0,0,True,0.0
2016,7,8,3,True,12.4
2016,7,8,3,True,7.8
2016,7,8,3,True,0.5
2016,8,7,8,True,2.2
2016,8,7,8,True,4.3
2016,8,8,3,True,1.9
2016,8,8,3,True,14.9
2016,8,0,0,True,0.0
2016,8,8,3,True,13.4
2016,8,8,3,True,8.0
2016,8,8,3,True,0.5
2016,9,7,8,True,2.5
2016,9,7,8,True,5.4
2016,9,8,3,True,1.4
2016,9,8,3,True,14.2
2016,9,0,0,True,0.0
2016,9,8,3,True,12.8
2016,9,8,3,True,8.1
2016,9,8,3,True,0.5
2016,10,7,8,True,3.2
2016,10,7,8,True,7.1
2016,10,8,3,True,1.8
2016,10,8,3,True,12.8
2016,10,0,0,True,0.0
2016,10,8,3,True,11.8
2016,10,8,3,True,7.6
2016,10,8,3,True,0.3
2016,11,7,8,True,2.3
2016,11,7,8,True,6.2
2016,11,8,3,True,1.8
2016,11,8,3,True,13.7
2016,11,0,0,True,0.0
2016,11,8,3,True,13.5
2016,11,8,3,True,8.2
2016,11,8,3,True,0.3
2016,12,7,8,True,2.1
2016,12,7,8,True,5.9
2016,12,8,3,True,2.6
2016,12,8,3,True,16.5
2016,12,0,0,True,0.0
2016,12,8,3,True,17.3
2016,12,8,3,True,10.3
2016,12,8,3,True,0.2
2017,1,7,8,True,1.9
2017,1,7,8,True,5.5
2017,1,8,3,True,3.4
2017,1,7,18,True,0.6
2017,1,8,3,True,16.8
2017,1,0,0,True,0.0
2017,1,8,3,True,17.1
2017,1,8,3,True,10.7
2017,1,8,3,True,0.6
2017,2,7,8,True,1.8
2017,2,7,8,True,4.6
2017,2,8,3,True,2.0
2017,2,7,18,True,0.5
2017,2,8,3,True,14.2
2017,2,0,0,True,0.0
2017,2,8,3,True,11.1
2017,2,8,3,True,7.3
2017,2,8,3,True,0.4
2017,3,7,8,True,2.1
2017,3,7,8,True,5.1
2017,3,8,3,True,1.7
2017,3,7,18,True,0.3
2017,3,8,3,True,13.3
2017,3,0,0,True,0.0
2017,3,8,3,True,12.9
2017,3,8,3,True,8.2
2017,3,8,3,True,0.3
2017,4,7,8,True,1.8
2017,4,7,8,True,4.4
2017,4,8,3,True,2.2
2017,4,7,18,True,0.5
2017,4,8,3,True,14.2
2017,4,0,0,True,0.0
2017,4,8,3,True,14.3
2017,4,8,3,True,8.8
2017,4,8,3,True,0.0
2017,5,7,8,True,1.5
2017,5,7,8,True,3.9
2017,5,8,3,True,2.1
2017,5,7,18,True,0.7
2017,5,8,3,True,14.0
2017,5,0,0,True,0.0
2017,5,8,3,True,12.0
2017,5,8,3,True,7.3
2017,5,8,3,True,0.1
2017,6,7,8,True,1.3
2017,6,7,8,True,3.5
2017,6,8,3,True,2.4
2017,6,7,18,True,0.7
2017,6,8,3,True,17.0
2017,6,0,0,True,0.0
2017,6,8,3,True,18.3
2017,6,8,3,True,10.7
2017,6,8,3,True,0.3
2017,7,7,8,True,1.4
2017,7,7,8,True,2.5
2017,7,8,3,True,3.1
2017,7,7,18,True,1.2
2017,7,8,3,True,17.1
2017,7,0,0,True,0.0
2017,7,8,3,True,16.2
2017,7,8,3,True,9.8
2017,7,8,3,True,0.5
2017,8,7,8,True,1.7
2017,8,7,8,True,2.7
2017,8,8,3,True,2.9
2017,8,7,18,True,1.0
2017,8,8,3,True,17.7
2017,8,0,0,True,0.0
2017,8,8,3,True,17.4
2017,8,8,3,True,10.4
2017,8,8,3,True,0.4
2017,9,7,8,True,1.7
2017,9,7,8,True,5.2
2017,9,8,3,True,2.5
2017,9,7,18,True,1.0
2017,9,8,3,True,14.4
2017,9,0,0,True,0.0
2017,9,8,3,True,13.7
2017,9,8,3,True,8.3
2017,9,8,3,True,0.5
2017,10,7,8,True,0.5
2017,10,7,8,True,5.5
2017,10,8,3,True,3.1
2017,10,7,18,True,1.0
2017,10,8,3,True,16.7
2017,10,0,0,True,0.0
2017,10,8,3,True,17.3
2017,10,8,3,True,10.5
2017,10,8,3,True,0.0
2017,10,8,3,True,0.5
2017,11,7,8,True,0.6
2017,11,7,8,True,4.9
2017,11,8,3,True,2.1
2017,11,7,18,True,0.7
2017,11,8,3,True,15.0
2017,11,0,0,True,0.0
2017,11,8,3,True,15.8
2017,11,8,3,True,9.7
2017,11,8,3,True,6.5
2017,11,8,3,True,0.3
2017,12,7,8,True,0.6
2017,12,7,8,True,6.1
2017,12,8,3,True,2.9
2017,12,7,18,True,0.8
2017,12,8,3,True,16.0
2017,12,0,0,True,0.0
2017,12,8,3,True,18.7
2017,12,8,3,True,11.5
2017,12,8,3,True,10.5
2017,12,8,3,True,0.3
2018,1,7,8,True,0.4
2018,1,7,8,True,4.8
2018,1,8,3,True,2.8
2018,1,7,18,True,0.7
2018,1,8,3,True,12.8
2018,1,0,0,True,0.0
2018,1,8,3,True,15.9
2018,1,8,3,True,10.0
2018,1,8,3,True,8.7
2018,1,8,3,True,0.1
2018,2,7,8,True,0.7
2018,2,7,8,True,3.9
2018,2,8,3,True,2.3
2018,2,7,18,True,1.0
2018,2,8,3,True,8.9
2018,2,0,0,True,0.0
2018,2,8,3,True,13.2
2018,2,8,3,True,8.1
2018,2,8,3,True,7.7
2018,2,8,3,True,0.0
2018,3,7,8,True,1.4
2018,3,7,8,True,3.6
2018,3,8,3,True,3.0
2018,3,7,18,True,1.1
2018,3,8,3,True,10.6
2018,3,0,0,True,0.0
2018,3,8,3,True,13.4
2018,3,8,3,True,8.4
2018,3,8,3,True,8.8
2018,3,8,3,True,0.0
2018,4,7,8,True,2.0
2018,4,7,8,True,4.2
2018,4,0,0,True,0.0
2018,4,8,3,True,2.8
2018,4,7,18,True,1.2
2018,4,8,3,True,15.2
2018,4,0,0,True,0.0
2018,4,8,3,True,15.1
2018,4,8,3,True,9.2
2018,4,8,3,True,9.4
2018,4,8,3,True,0.0
2018,5,7,8,True,2.5
2018,5,7,8,True,3.6
2018,5,0,0,True,12.3
2018,5,8,3,True,2.3
2018,5,7,18,True,1.1
2018,5,8,3,True,12.5
2018,5,0,0,True,0.0
2018,5,8,3,True,12.6
2018,5,8,3,True,7.4
2018,5,8,3,True,8.5
2018,5,8,3,True,0.0
2018,6,7,8,True,1.6
2018,6,7,8,True,2.0
2018,6,0,0,True,33.8
2018,6,8,3,True,2.4
2018,6,7,18,True,0.9
2018,6,8,3,True,14.9
2018,6,0,0,True,0.0
2018,6,8,3,True,15.9
2018,6,8,3,True,9.4
2018,6,8,3,True,10.0
2018,6,8,3,True,0.0
2018,7,7,8,True,2.2
2018,7,7,8,True,2.4
2018,7,0,0,True,31.7
2018,7,8,3,True,1.7
2018,7,7,18,True,1.2
2018,7,8,3,True,13.3
2018,7,8,3,True,9.1
2018,7,0,0,True,0.0
2018,7,8,3,True,13.2
2018,7,8,3,True,8.2
2018,7,8,3,True,8.5
2018,7,8,3,True,0.0
2018,8,1,4,True,1.6
2018,8,7,8,True,2.4
2018,8,7,8,True,2.7
2018,8,0,0,True,36.7
2018,8,8,3,True,2.7
2018,8,7,18,True,1.3
2018,8,0,0,True,19.6
2018,8,8,3,True,14.8
2018,8,8,3,True,24.1
2018,8,0,0,True,0.0
2018,8,8,3,True,13.2
2018,8,8,3,True,8.4
2018,8,8,3,True,9.2
2018,8,8,3,True,0.0
2018,9,1,4,True,9.8
2018,9,7,8,True,3.9
2018,9,7,8,True,3.9
2018,9,0,0,True,32.9
2018,9,8,3,True,2.3
2018,9,8,3,True,0.0
2018,9,7,18,True,1.4
2018,9,0,0,True,24.6
2018,9,8,3,True,15.5
2018,9,8,3,True,20.8
2018,9,0,0,True,0.0
2018,9,8,3,True,15.4
2018,9,8,3,True,9.3
2018,9,8,3,True,9.2
2018,9,8,3,True,0.0
2018,10,1,4,True,21.3
2018,10,7,8,True,6.5
2018,10,7,8,True,3.6
2018,10,0,0,True,30.9
2018,10,8,3,True,2.2
2018,10,8,3,True,1.0
2018,10,7,18,True,1.8
2018,10,0,0,True,33.1
2018,10,8,3,True,16.5
2018,10,8,3,True,22.9
2018,10,0,0,True,0.0
2018,10,8,3,True,15.4
2018,10,8,3,True,16.2
2018,10,8,3,True,8.4
2018,10,8,3,True,7.9
2018,10,8,3,True,0.2
2018,11,1,4,True,20.4
2018,11,7,8,True,5.9
2018,11,7,8,True,3.5
2018,11,8,3,True,4.0
2018,11,0,0,True,30.8
2018,11,8,3,True,2.5
2018,11,8,3,True,7.9
2018,11,7,18,True,1.5
2018,11,0,0,True,32.8
2018,11,8,3,True,14.7
2018,11,8,3,True,32.2
2018,11,0,0,True,0.0
2018,11,8,3,True,27.8
2018,11,8,3,True,16.2
2018,11,8,3,True,10.1
2018,11,8,3,True,9.4
2018,11,8,3,True,0.1
2018,11,0,0,True,4.9
2018,12,1,4,True,19.5
2018,12,7,8,True,5.0
2018,12,7,8,True,2.5
2018,12,8,3,True,10.7
2018,12,0,0,True,37.3
2018,12,8,3,True,2.5
2018,12,8,3,True,9.9
2018,12,7,18,True,1.1
2018,12,0,0,True,37.9
2018,12,8,3,True,9.7
2018,12,8,3,True,40.8
2018,12,0,0,True,0.0
2018,12,8,3,True,27.1
2018,12,8,3,True,16.1
2018,12,8,3,True,9.9
2018,12,8,3,True,9.5
2018,12,8,3,True,0.3
2018,12,0,0,True,18.2
2019,1,1,4,True,16.4
2019,1,8,3,True,6.9
2019,1,7,8,True,4.1
2019,1,7,8,True,2.5
2019,1,0,7,True,0.0
2019,1,8,3,True,11.5
2019,1,0,0,True,40.0
2019,1,8,3,True,3.0
2019,1,8,3,True,11.5
2019,1,7,18,True,1.0
2019,1,0,0,True,40.3
2019,1,8,3,True,11.0
2019,1,8,3,True,50.3
2019,1,0,0,True,0.0
2019,1,8,3,True,29.9
2019,1,8,3,True,16.0
2019,1,8,3,True,9.7
2019,1,8,3,True,9.7
2019,1,8,3,True,0.2
2019,1,0,0,True,1.2
2019,1,0,0,True,23.2
2019,2,1,4,True,14.4
2019,2,8,3,True,15.0
2019,2,7,8,True,4.7
2019,2,7,8,True,1.4
2019,2,0,7,True,2.1
2019,2,8,3,True,9.9
2019,2,0,0,True,17.7
2019,2,8,3,True,0.0
2019,2,8,3,True,2.1
2019,2,8,3,True,8.7
2019,2,7,18,True,0.8
2019,2,0,0,True,33.4
2019,2,8,3,True,10.4
2019,2,8,3,True,37.5
2019,2,0,0,True,0.0
2019,2,8,3,True,24.7
2019,2,8,3,True,14.6
2019,2,8,3,True,8.9
2019,2,8,3,True,8.3
2019,2,8,3,True,0.2
2019,2,0,0,True,1.1
2019,2,0,0,True,17.1
2019,3,1,4,True,14.8
2019,3,8,3,True,19.2
2019,3,7,8,True,6.0
2019,3,7,8,True,1.7
2019,3,0,7,True,11.0
2019,3,8,16,True,2.2
2019,3,8,16,True,28.0
2019,3,8,3,True,11.9
2019,3,0,0,True,30.9
2019,3,8,3,True,0.0
2019,3,8,3,True,1.9
2019,3,8,3,True,9.3
2019,3,7,18,True,1.0
2019,3,0,0,True,37.1
2019,3,8,3,True,11.8
2019,3,8,3,True,36.6
2019,3,0,0,True,0.0
2019,3,0,0,True,0.4
2019,3,8,3,True,28.1
2019,3,8,3,True,14.9
2019,3,8,3,True,9.4
2019,3,8,3,True,9.3
2019,3,8,3,True,0.0
2019,3,0,0,True,1.3
2019,3,0,0,True,21.8
2019,4,1,4,True,16.9
2019,4,8,3,True,17.6
2019,4,7,8,True,5.4
2019,4,7,8,True,1.4
2019,4,0,0,True,0.0
2019,4,0,7,True,14.1
2019,4,8,16,True,9.3
2019,4,8,16,True,37.7
2019,4,8,3,True,10.4
2019,4,0,0,True,28.6
2019,4,8,3,True,0.0
2019,4,8,3,True,2.3
2019,4,8,3,True,8.9
2019,4,7,18,True,1.0
2019,4,0,0,True,33.8
2019,4,8,3,True,11.8
2019,4,8,3,True,41.4
2019,4,0,0,True,0.0
2019,4,0,0,True,13.5
2019,4,8,3,True,25.8
2019,4,8,3,True,14.1
2019,4,8,3,True,8.3
2019,4,8,3,True,8.7
2019,4,8,3,True,0.0
2019,4,0,0,True,1.2
2019,4,0,0,True,18.3
2019,5,1,4,True,14.0
2019,5,8,3,True,18.2
2019,5,7,8,True,6.2
2019,5,7,8,True,1.1
2019,5,0,0,True,13.3
2019,5,0,7,True,14.5
2019,5,8,16,True,8.3
2019,5,8,16,True,33.2
2019,5,8,3,True,10.0
2019,5,0,0,True,27.5
2019,5,8,3,True,0.0
2019,5,8,3,True,2.3
2019,5,8,3,True,8.3
2019,5,7,18,True,0.8
2019,5,0,0,True,30.7
2019,5,8,3,True,11.4
2019,5,8,3,True,41.3
2019,5,0,0,True,0.0
2019,5,0,0,True,15.7
2019,5,8,3,True,24.1
2019,5,2,12,True,3.0
2019,5,8,3,True,12.7
2019,5,8,3,True,7.8
2019,5,8,3,True,8.8
2019,5,8,3,True,0.4
2019,5,0,0,True,1.1
2019,5,0,0,True,16.8
2019,6,1,4,True,15.9
2019,6,8,3,True,20.7
2019,6,7,8,True,4.9
2019,6,7,8,True,0.9
2019,6,0,0,True,22.2
2019,6,0,7,True,14.1
2019,6,8,16,True,9.0
2019,6,8,16,True,39.6
2019,6,8,3,True,12.3
2019,6,0,0,True,35.1
2019,6,8,3,True,0.0
2019,6,8,3,True,2.5
2019,6,8,3,True,9.7
2019,6,7,18,True,0.7
2019,6,0,0,True,35.8
2019,6,8,3,True,12.9
2019,6,8,3,True,46.4
2019,6,0,0,True,0.0
2019,6,0,0,True,18.3
2019,6,8,3,True,26.4
2019,6,8,3,True,4.6
2019,6,2,12,True,23.2
2019,6,8,3,True,15.1
2019,6,8,3,True,9.3
2019,6,8,3,True,9.6
2019,6,8,3,True,0.1
2019,6,0,0,True,1.4
2019,6,0,0,True,19.3
2019,7,1,4,True,15.9
2019,7,8,3,True,18.7
2019,7,8,3,True,11.0
2019,7,7,8,True,5.3
2019,7,7,8,True,1.8
2019,7,0,0,True,24.6
2019,7,0,7,True,13.8
2019,7,8,16,True,8.8
2019,7,8,16,True,37.1
2019,7,8,3,True,11.6
2019,7,0,0,True,37.1
2019,7,8,3,True,0.6
2019,7,8,3,True,2.5
2019,7,8,3,True,8.7
2019,7,7,18,True,0.7
2019,7,0,0,True,5.1
2019,7,0,0,True,38.2
2019,7,8,3,True,11.8
2019,7,8,3,True,43.2
2019,7,0,0,True,0.0
2019,7,0,0,True,8.4
2019,7,8,3,True,24.9
2019,7,8,3,True,5.1
2019,7,2,12,True,30.8
2019,7,2,12,True,0.6
2019,7,8,3,True,14.3
2019,7,8,3,True,8.7
2019,7,8,3,True,9.6
2019,7,8,3,True,0.0
2019,7,0,0,True,1.5
2019,7,0,0,True,20.9
2019,8,1,4,True,16.5
2019,8,8,3,True,20.9
2019,8,8,3,True,21.8
2019,8,7,8,True,6.7
2019,8,7,8,True,2.6
2019,8,0,0,True,19.0
2019,8,0,7,True,15.5
2019,8,8,16,True,9.7
2019,8,8,16,True,38.7
2019,8,8,3,True,12.3
2019,8,0,0,True,32.2
2019,8,8,3,True,5.7
2019,8,8,3,True,2.3
2019,8,8,3,True,10.8
2019,8,0,0,True,0.0
2019,8,0,0,True,2.0
2019,8,7,18,True,0.7
2019,8,0,0,True,5.6
2019,8,0,0,True,34.6
2019,8,8,3,True,13.0
2019,8,8,3,True,43.2
2019,8,0,0,True,0.0
2019,8,0,0,True,9.7
2019,8,8,3,True,28.3
2019,8,8,3,True,4.3
2019,8,2,12,True,32.5
2019,8,2,12,True,3.4
2019,8,8,3,True,15.7
2019,8,8,3,True,9.8
2019,8,8,3,True,10.1
2019,8,8,3,True,0.0
2019,8,0,0,True,1.3
2019,8,0,0,True,19.0
2019,9,1,4,True,17.7
2019,9,8,3,True,20.2
2019,9,8,3,True,23.7
2019,9,7,8,True,6.0
2019,9,7,8,True,3.2
2019,9,0,0,True,17.7
2019,9,0,7,True,11.8
2019,9,8,16,True,11.2
2019,9,8,16,True,45.7
2019,9,8,3,True,12.3
2019,9,0,0,True,34.4
2019,9,8,3,True,7.0
2019,9,8,3,True,2.6
2019,9,0,0,True,0.1
2019,9,8,3,True,11.3
2019,9,0,0,True,0.0
2019,9,0,0,True,14.1
2019,9,7,18,True,0.8
2019,9,0,0,True,5.1
2019,9,0,0,True,32.6
2019,9,8,3,True,15.0
2019,9,8,3,True,48.7
2019,9,0,0,True,0.0
2019,9,0,0,True,12.1
2019,9,8,3,True,26.4
2019,9,8,3,True,53.7
2019,9,2,12,True,31.5
2019,9,2,12,True,3.9
2019,9,8,3,True,18.3
2019,9,8,3,True,10.9
2019,9,8,3,True,11.0
2019,9,8,3,True,0.0
2019,9,0,0,True,1.3
2019,9,0,0,True,19.6
2019,10,1,4,True,21.6
2019,10,8,3,True,17.3
2019,10,8,3,True,21.4
2019,10,7,8,True,9.0
2019,10,7,8,True,9.2
2019,10,0,0,True,16.8
2019,10,0,7,True,12.0
2019,10,8,16,True,9.9
2019,10,8,16,True,40.3
2019,10,8,3,True,13.0
2019,10,0,0,True,30.2
2019,10,8,3,True,7.0
2019,10,8,3,True,2.1
2019,10,0,0,True,5.8
2019,10,8,3,True,9.3
2019,10,0,0,True,0.0
2019,10,0,0,True,14.3
2019,10,0,0,True,0.2
2019,10,7,18,True,1.1
2019,10,0,0,True,5.1
2019,10,0,0,True,29.5
2019,10,8,3,True,14.2
2019,10,8,3,True,43.2
2019,10,1,4,True,0.0
2019,10,0,0,True,0.0
2019,10,0,0,True,10.8
2019,10,8,3,True,29.0
2019,10,8,3,True,60.4
2019,10,2,12,True,28.3
2019,10,2,12,True,4.0
2019,10,8,3,True,15.9
2019,10,8,3,True,9.9
2019,10,8,3,True,9.5
2019,10,8,3,True,0.0
2019,10,0,0,True,1.3
2019,10,0,0,True,19.7
2019,11,1,4,True,18.7
2019,11,8,3,True,13.8
2019,11,8,3,True,22.4
2019,11,7,8,True,8.6
2019,11,7,8,True,7.3
2019,11,0,0,True,16.8
2019,11,0,7,True,14.1
2019,11,8,16,True,10.7
2019,11,8,16,True,45.7
2019,11,8,3,True,12.8
2019,11,0,0,True,34.6
2019,11,8,3,True,7.7
2019,11,8,3,True,2.7
2019,11,0,0,True,7.3
2019,11,0,0,True,3.3
2019,11,8,3,True,11.4
2019,11,0,0,True,0.0
2019,11,0,0,True,15.5
2019,11,0,0,True,4.2
2019,11,7,18,True,1.1
2019,11,0,0,True,5.9
2019,11,0,0,True,34.5
2019,11,8,3,True,15.4
2019,11,8,3,True,44.3
2019,11,1,4,True,4.4
2019,11,0,0,True,0.0
2019,11,0,0,True,14.0
2019,11,8,3,True,29.2
2019,11,8,3,True,60.2
2019,11,2,12,True,33.4
2019,11,2,12,True,4.5
2019,11,8,3,True,17.2
2019,11,8,3,True,10.4
2019,11,8,3,True,9.8
2019,11,0,0,True,5.0
2019,11,8,3,True,0.0
2019,11,0,0,True,1.3
2019,11,0,0,True,20.3
2019,12,1,4,True,19.5
2019,12,8,3,True,21.4
2019,12,8,3,True,19.9
2019,12,7,8,True,7.4
2019,12,7,8,True,8.3
2019,12,7,8,True,4.8
2019,12,0,0,True,18.0
2019,12,0,7,True,15.2
2019,12,8,16,True,9.4
2019,12,8,16,True,42.0
2019,12,8,3,True,11.7
2019,12,0,0,True,34.3
2019,12,8,3,True,11.1
2019,12,8,3,True,2.9
2019,12,0,0,True,7.6
2019,12,0,0,True,9.7
2019,12,8,3,True,10.7
2019,12,0,0,True,0.0
2019,12,0,0,True,14.5
2019,12,0,0,True,4.4
2019,12,7,18,True,0.7
2019,12,0,0,True,6.1
2019,12,0,0,True,37.5
2019,12,8,3,True,14.0
2019,12,8,3,True,50.6
2019,12,1,4,True,14.1
2019,12,0,0,True,0.0
2019,12,0,0,True,19.1
2019,12,8,3,True,27.2
2019,12,8,3,True,55.4
2019,12,2,12,True,29.4
2019,12,2,12,True,3.8
2019,12,8,3,True,15.3
2019,12,8,3,True,9.6
2019,12,8,3,True,9.5
2019,12,0,0,True,17.8
2019,12,8,3,True,0.0
2019,12,0,0,True,1.3
2019,12,0,0,True,20.5
2020,1,1,4,True,17.1
2020,1,8,3,True,27.0
2020,1,8,3,True,30.1
2020,1,7,8,True,5.1
2020,1,7,8,True,7.8
2020,1,7,8,True,4.9
2020,1,0,0,True,23.0
2020,1,0,7,True,14.4
2020,1,8,16,True,10.2
2020,1,8,16,True,42.2
2020,1,8,3,True,13.4
2020,1,0,0,True,37.3
2020,1,8,3,True,10.6
2020,1,8,3,True,2.6
2020,1,0,0,True,7.3
2020,1,0,0,True,19.2
2020,1,8,3,True,10.8
2020,1,0,0,True,0.0
2020,1,0,0,True,15.8
2020,1,0,0,True,4.5
2020,1,7,18,True,1.0
2020,1,0,0,True,6.4
2020,1,0,0,True,39.4
2020,1,8,3,True,3.1
2020,1,8,3,True,17.7
2020,1,8,3,True,49.3
2020,1,1,4,True,18.0
2020,1,0,0,True,0.6
2020,1,0,0,True,0.0
2020,1,1,4,True,0.0
2020,1,0,0,True,21.4
2020,1,8,3,True,31.0
2020,1,8,3,True,65.1
2020,1,2,12,True,31.3
2020,1,2,12,True,4.0
2020,1,8,3,True,18.2
2020,1,8,3,True,11.1
2020,1,8,3,True,10.4
2020,1,0,0,True,28.9
2020,1,8,3,True,0.0
2020,1,0,0,True,1.4
2020,1,0,0,True,21.7
2020,2,1,4,True,15.9
2020,2,8,3,True,22.2
2020,2,8,3,True,33.8
2020,2,7,8,True,21.2
2020,2,7,8,True,7.6
2020,2,7,8,True,4.8
2020,2,0,0,True,19.9
2020,2,0,7,True,12.5
2020,2,8,16,True,8.4
2020,2,8,16,True,35.8
2020,2,8,3,True,10.5
2020,2,0,0,True,33.0
2020,2,8,3,True,7.8
2020,2,8,3,True,1.9
2020,2,0,0,True,7.1
2020,2,0,0,True,28.3
2020,2,8,3,True,9.5
2020,2,0,0,True,0.0
2020,2,0,0,True,14.4
2020,2,0,0,True,4.1
2020,2,7,18,True,1.0
2020,2,0,0,True,5.5
2020,2,0,0,True,35.3
2020,2,8,3,True,18.9
2020,2,8,3,True,12.0
2020,2,8,3,True,39.7
2020,2,1,4,True,18.4
2020,2,0,0,True,11.3
2020,2,0,0,True,0.0
2020,2,1,4,True,4.5
2020,2,0,0,True,16.2
2020,2,8,3,True,25.1
2020,2,8,3,True,50.3
2020,2,2,12,True,28.7
2020,2,2,12,True,3.7
2020,2,8,3,True,13.1
2020,2,8,3,True,8.3
2020,2,8,3,True,8.2
2020,2,0,0,True,31.6
2020,2,8,3,True,0.0
2020,2,0,0,True,1.2
2020,2,0,0,True,18.4
2020,3,1,4,True,16.3
2020,3,8,3,True,24.0
2020,3,8,3,True,34.8
2020,3,7,8,True,26.5
2020,3,7,8,True,6.9
2020,3,7,8,True,4.8
2020,3,0,0,True,17.1
2020,3,0,7,True,15.2
2020,3,8,16,True,9.5
2020,3,8,16,True,39.5
2020,3,8,3,True,11.0
2020,3,0,0,True,32.8
2020,3,8,3,True,6.9
2020,3,8,3,True,1.6
2020,3,0,0,True,5.2
2020,3,0,0,True,22.9
2020,3,8,3,True,8.7
2020,3,0,0,True,0.0
2020,3,0,0,True,15.1
2020,3,0,0,True,4.4
2020,3,7,18,True,0.9
2020,3,0,0,True,6.0
2020,3,0,0,True,36.8
2020,3,8,3,True,21.3
2020,3,8,3,True,12.5
2020,3,8,3,True,39.0
2020,3,1,4,True,20.6
2020,3,0,0,True,12.5
2020,3,0,0,True,0.0
2020,3,1,4,True,8.1
2020,3,0,0,True,11.1
2020,3,8,3,True,24.7
2020,3,8,3,True,47.7
2020,3,2,12,True,27.1
2020,3,2,12,True,2.8
2020,3,8,3,True,12.8
2020,3,8,3,True,8.0
2020,3,8,3,True,8.0
2020,3,0,0,True,41.7
2020,3,8,3,True,0.0
2020,3,0,0,True,1.2
2020,3,0,0,True,18.6
2020,4,1,4,True,16.6
2020,4,8,3,True,25.7
2020,4,8,3,True,38.0
2020,4,7,8,True,27.1
2020,4,7,8,True,6.6
2020,4,7,8,True,5.1
2020,4,0,0,True,13.6
2020,4,0,7,True,15.6
2020,4,8,16,True,8.9
2020,4,8,16,True,36.4
2020,4,8,3,True,11.5
2020,4,0,0,True,24.6
2020,4,8,3,True,0.0
2020,4,8,3,True,0.0
2020,4,0,0,True,3.4
2020,4,0,0,True,11.3
2020,4,8,3,True,8.4
2020,4,0,0,True,0.0
2020,4,0,0,True,11.5
2020,4,0,0,True,3.0
2020,4,7,18,True,0.6
2020,4,0,0,True,4.8
2020,4,0,0,True,27.7
2020,4,8,3,True,20.7
2020,4,8,3,True,11.4
2020,4,8,3,True,38.5
2020,4,1,4,True,20.3
2020,4,0,0,True,12.1
2020,4,0,0,True,0.0
2020,4,1,4,True,8.3
2020,4,0,0,True,10.5
2020,4,8,3,True,25.7
2020,4,8,3,True,52.9
2020,4,2,12,True,26.5
2020,4,2,12,True,3.3
2020,4,8,3,True,12.4
2020,4,8,3,True,7.9
2020,4,8,3,True,8.1
2020,4,0,0,True,34.3
2020,4,8,3,True,0.0
2020,4,0,0,True,1.1
2020,4,0,0,True,18.1
2020,5,1,4,True,17.2
2020,5,8,3,True,24.1
2020,5,8,3,True,35.8
2020,5,7,8,True,22.1
2020,5,7,8,True,5.5
2020,5,7,8,True,3.9
2020,5,0,0,True,18.6
2020,5,0,7,True,15.3
2020,5,8,16,True,8.7
2020,5,8,16,True,36.0
2020,5,8,3,True,11.0
2020,5,0,0,True,37.9
2020,5,8,3,True,2.9
2020,5,8,3,True,0.6
2020,5,0,0,True,7.5
2020,5,0,0,True,25.6
2020,5,8,3,True,9.6
2020,5,0,0,True,0.0
2020,5,0,0,True,18.5
2020,5,0,0,True,4.6
2020,5,7,18,True,0.7
2020,5,0,0,True,6.7
2020,5,0,0,True,38.4
2020,5,8,3,True,20.9
2020,5,8,3,True,12.2
2020,5,8,3,True,45.7
2020,5,1,4,True,21.8
2020,5,0,0,True,15.5
2020,5,0,0,True,0.0
2020,5,1,4,True,8.9
2020,5,0,0,True,21.0
2020,5,8,3,True,25.0
2020,5,8,3,True,52.9
2020,5,2,12,True,35.9
2020,5,2,12,True,4.3
2020,5,8,3,True,15.1
2020,5,8,3,True,8.9
2020,5,8,3,True,9.1
2020,5,0,0,True,56.5
2020,5,8,3,True,0.0
2020,5,0,0,True,1.6
2020,5,0,0,True,23.0
2020,6,1,4,True,16.8
2020,6,8,3,True,24.4
2020,6,8,3,True,37.6
2020,6,7,8,True,17.7
2020,6,7,8,True,3.5
2020,6,7,8,True,4.2
2020,6,0,0,True,18.2
2020,6,0,7,True,12.0
2020,6,8,16,True,11.2
2020,6,8,16,True,45.4
2020,6,8,3,True,11.3
2020,6,0,0,True,34.3
2020,6,8,3,True,9.7
2020,6,8,3,True,2.2
2020,6,0,0,True,7.2
2020,6,0,0,True,24.3
2020,6,8,3,True,10.2
2020,6,0,0,True,0.0
2020,6,0,0,True,17.1
2020,6,0,0,True,4.0
2020,6,7,18,True,0.8
2020,6,0,0,True,6.0
2020,6,0,0,True,34.4
2020,6,8,3,True,22.0
2020,6,8,3,True,12.8
2020,6,8,3,True,42.2
2020,6,1,4,True,21.3
2020,6,0,0,True,12.9
2020,6,0,0,True,0.0
2020,6,2,11,True,3.9
2020,6,1,4,True,8.7
2020,6,0,0,True,18.8
2020,6,8,3,True,25.3
2020,6,8,3,True,55.0
2020,6,2,12,True,36.2
2020,6,2,12,True,3.9
2020,6,8,3,True,15.1
2020,6,8,3,True,9.0
2020,6,8,3,True,9.0
2020,6,0,0,True,58.9
2020,6,8,3,True,0.0
2020,6,0,0,True,1.5
2020,6,0,0,True,22.0
2020,7,1,4,True,17.4
2020,7,8,3,True,27.0
2020,7,8,3,True,38.8
2020,7,7,8,True,23.7
2020,7,7,8,True,3.6
2020,7,7,8,True,5.1
2020,7,0,0,True,23.0
2020,7,0,7,True,12.6
2020,7,8,16,True,7.8
2020,7,8,16,True,31.0
2020,7,8,3,True,12.2
2020,7,0,0,True,38.7
2020,7,8,3,True,6.6
2020,7,8,3,True,1.5
2020,7,0,0,True,6.8
2020,7,0,0,True,27.8
2020,7,8,3,True,8.4
2020,7,0,0,True,0.0
2020,7,0,0,True,18.4
2020,7,0,0,True,4.5
2020,7,7,18,True,1.4
2020,7,0,0,True,6.7
2020,7,0,0,True,38.5
2020,7,8,3,True,22.8
2020,7,8,3,True,13.3
2020,7,8,3,True,32.3
2020,7,1,4,True,5.8
2020,7,0,0,True,16.2
2020,7,0,0,True,0.0
2020,7,2,11,True,13.2
2020,7,1,4,True,2.4
2020,7,0,0,True,20.3
2020,7,8,3,True,27.7
2020,7,8,3,True,57.3
2020,7,2,12,True,36.0
2020,7,2,12,True,3.1
2020,7,8,3,True,15.4
2020,7,8,3,True,9.7
2020,7,8,3,True,8.8
2020,7,0,0,True,86.7
2020,7,8,3,True,0.0
2020,7,0,0,True,1.5
2020,7,0,0,True,22.7
2020,8,1,4,True,18.8
2020,8,8,3,True,32.5
2020,8,8,3,True,47.0
2020,8,7,8,True,30.5
2020,8,7,8,True,4.3
2020,8,7,8,True,6.2
2020,8,0,0,True,22.5
2020,8,0,7,True,13.7
2020,8,8,16,True,11.9
2020,8,8,16,True,49.6
2020,8,8,3,True,14.2
2020,8,0,0,True,40.8
2020,8,8,3,True,12.3
2020,8,8,3,True,2.6
2020,8,0,0,True,8.0
2020,8,0,0,True,31.9
2020,8,8,3,True,11.9
2020,8,0,0,True,1.7
2020,8,0,0,True,18.6
2020,8,0,0,True,4.9
2020,8,7,18,True,1.2
2020,8,0,0,True,7.3
2020,8,0,0,True,43.3
2020,8,8,3,True,26.5
2020,8,8,3,True,16.4
2020,8,8,3,True,51.0
2020,8,1,4,True,21.3
2020,8,0,0,True,16.2
2020,8,0,0,True,0.0
2020,8,2,11,True,14.1
2020,8,1,4,True,8.9
2020,8,0,0,True,21.2
2020,8,8,3,True,33.4
2020,8,8,3,True,69.4
2020,8,2,12,True,41.0
2020,8,2,12,True,3.6
2020,8,8,3,True,20.4
2020,8,8,3,True,12.6
2020,8,8,3,True,11.1
2020,8,0,0,True,99.3
2020,8,0,0,True,1.8
2020,8,0,0,True,26.5
2020,8,8,3,True,0.0
2020,9,1,4,True,18.0
2020,9,8,3,True,27.4
2020,9,8,3,True,39.8
2020,9,7,8,True,30.2
2020,9,7,8,True,4.1
2020,9,7,8,True,5.9
2020,9,0,0,True,22.6
2020,9,0,7,True,12.1
2020,9,8,16,True,11.8
2020,9,8,16,True,48.6
2020,9,8,3,True,11.3
2020,9,0,0,True,32.2
2020,9,8,3,True,11.9
2020,9,8,3,True,2.4
2020,9,0,0,True,7.2
2020,9,0,0,True,27.6
2020,9,8,3,True,9.9
2020,9,0,0,True,14.9
2020,9,0,0,True,15.5
2020,9,0,0,True,3.9
2020,9,7,18,True,1.3
2020,9,0,0,True,6.0
2020,9,0,0,True,35.3
2020,9,8,3,True,16.8
2020,9,8,3,True,9.9
2020,9,8,3,True,47.6
2020,9,1,4,True,22.4
2020,9,0,0,True,0.6
2020,9,0,0,True,14.5
2020,9,0,0,True,0.0
2020,9,2,11,True,26.9
2020,9,1,4,True,9.9
2020,9,0,0,True,16.9
2020,9,8,3,True,28.1
2020,9,8,3,True,57.2
2020,9,2,12,True,33.2
2020,9,2,12,True,3.1
2020,9,8,3,True,16.4
2020,9,8,3,True,9.8
2020,9,8,3,True,8.9
2020,9,0,0,True,78.5
2020,9,0,0,True,28.6
2020,9,8,3,True,0.0
2020,9,0,0,True,1.4
2020,9,0,0,True,21.4
2020,10,1,4,True,20.8
2020,10,8,3,True,28.7
2020,10,8,3,True,37.6
2020,10,7,8,True,36.2
2020,10,7,8,True,5.0
2020,10,7,8,True,7.7
2020,10,0,0,True,20.9
2020,10,0,7,True,15.1
2020,10,8,16,True,12.0
2020,10,8,16,True,49.1
2020,10,8,3,True,0.5
2020,10,8,3,True,11.7
2020,10,0,0,True,31.9
2020,10,8,3,True,12.0
2020,10,8,3,True,2.5
2020,10,0,0,True,7.1
2020,10,0,0,True,26.1
2020,10,8,3,True,9.1
2020,10,0,0,True,20.3
2020,10,0,0,True,14.9
2020,10,0,0,True,3.8
2020,10,7,18,True,1.0
2020,10,0,0,True,5.7
2020,10,0,0,True,34.0
2020,10,8,3,True,22.5
2020,10,8,3,True,13.4
2020,10,8,3,True,43.3
2020,10,1,4,True,19.5
2020,10,0,0,True,14.8
2020,10,0,0,True,11.1
2020,10,0,0,True,0.0
2020,10,2,11,True,40.0
2020,10,1,4,True,9.1
2020,10,0,0,True,16.9
2020,10,8,3,True,29.0
2020,10,8,3,True,59.7
2020,10,2,12,True,34.3
2020,10,2,12,True,3.2
2020,10,8,3,True,15.4
2020,10,8,3,True,9.3
2020,10,8,3,True,9.4
2020,10,0,0,True,75.7
2020,10,0,0,True,42.6
2020,10,8,3,True,0.0
2020,10,0,0,True,1.3
2020,10,0,0,True,20.7
2020,10,0,0,True,5.4
2020,11,1,4,True,18.5
2020,11,8,3,True,23.9
2020,11,8,3,True,33.9
2020,11,7,8,True,38.7
2020,11,7,8,True,4.6
2020,11,7,8,True,7.2
2020,11,0,0,True,20.7
2020,11,0,7,True,13.3
2020,11,8,16,True,9.5
2020,11,8,16,True,41.6
2020,11,8,3,True,5.3
2020,11,8,3,True,10.9
2020,11,0,0,True,25.5
2020,11,8,3,True,8.0
2020,11,8,3,True,2.0
2020,11,0,0,True,6.5
2020,11,0,0,True,23.3
2020,11,8,3,True,8.5
2020,11,0,0,True,27.3
2020,11,0,0,True,13.6
2020,11,0,0,True,3.7
2020,11,7,18,True,1.2
2020,11,0,0,True,5.7
2020,11,0,0,True,34.1
2020,11,8,3,True,21.5
2020,11,8,3,True,13.0
2020,11,8,3,True,11.4
2020,11,8,3,True,40.2
2020,11,1,4,True,18.6
2020,11,0,0,True,21.6
2020,11,0,0,True,13.0
2020,11,0,0,True,0.0
2020,11,2,11,True,32.5
2020,11,1,4,True,9.7
2020,11,0,0,True,11.6
2020,11,8,3,True,24.5
2020,11,8,3,True,50.6
2020,11,2,12,True,28.7
2020,11,2,12,True,2.5
2020,11,8,3,True,12.9
2020,11,8,3,True,8.1
2020,11,8,3,True,7.9
2020,11,0,0,True,73.1
2020,11,0,0,True,43.3
2020,11,8,3,True,0.0
2020,11,0,0,True,1.2
2020,11,0,0,True,18.9
2020,11,0,0,True,14.3
2020,12,1,4,True,19.3
2020,12,8,3,True,27.0
2020,12,8,3,True,37.8
2020,12,7,8,True,37.7
2020,12,7,8,True,5.3
2020,12,7,8,True,6.4
2020,12,0,0,True,22.6
2020,12,0,7,True,13.5
2020,12,8,16,True,10.6
2020,12,8,16,True,43.1
2020,12,8,3,True,8.1
2020,12,8,3,True,11.7
2020,12,0,0,True,39.9
2020,12,8,3,True,7.7
2020,12,8,3,True,2.2
2020,12,0,0,True,8.6
2020,12,0,0,True,32.8
2020,12,8,3,True,8.9
2020,12,0,0,True,34.9
2020,12,0,0,True,17.1
2020,12,0,0,True,4.5
2020,12,7,18,True,1.2
2020,12,0,0,True,6.7
2020,12,0,0,True,39.9
2020,12,8,3,True,24.1
2020,12,8,3,True,13.4
2020,12,8,3,True,16.5
2020,12,8,3,True,45.9
2020,12,1,4,True,19.0
2020,12,0,0,True,35.4
2020,12,0,0,True,14.9
2020,12,2,11,True,38.7
2020,12,1,4,True,10.0
2020,12,0,0,True,21.2
2020,12,8,3,True,27.2
2020,12,8,3,True,55.6
2020,12,2,12,True,30.7
2020,12,2,12,True,3.4
2020,12,8,3,True,16.1
2020,12,8,3,True,9.8
2020,12,8,3,True,9.3
2020,12,0,0,True,90.2
2020,12,0,0,True,50.6
2020,12,0,0,True,1.4
2020,12,0,0,True,20.3
2020,12,0,0,True,20.2
2020,12,0,0,True,0.0
2020,12,8,3,True,0.0
2020,12,8,3,True,1.1
2020,12,8,3,True,1.9
2020,12,8,3,True,0.0
2021,1,1,4,True,16.5
2021,1,8,3,True,25.4
2021,1,8,3,True,35.3
2021,1,8,3,True,0.9
2021,1,7,8,True,34.8
2021,1,7,8,True,4.2
2021,1,7,8,True,6.6
2021,1,0,0,True,23.7
2021,1,0,7,True,16.0
2021,1,8,16,True,11.0
2021,1,8,16,True,42.4
2021,1,8,3,True,21.2
2021,1,8,3,True,11.4
2021,1,0,0,True,37.9
2021,1,8,3,True,8.3
2021,1,8,3,True,2.4
2021,1,0,0,True,9.7
2021,1,0,0,True,35.4
2021,1,8,3,True,9.1
2021,1,0,0,True,35.0
2021,1,0,0,True,17.7
2021,1,0,0,True,5.1
2021,1,7,18,True,0.7
2021,1,0,0,True,6.6
2021,1,0,0,True,41.7
2021,1,8,16,True,0.9
2021,1,8,3,True,21.4
2021,1,8,3,True,22.9
2021,1,8,3,True,22.8
2021,1,8,3,True,12.0
2021,1,8,3,True,15.8
2021,1,8,3,True,44.5
2021,1,1,4,True,17.3
2021,1,0,0,True,31.0
2021,1,0,0,True,15.6
2021,1,0,0,True,0.0
2021,1,2,11,True,30.9
2021,1,1,4,True,9.3
2021,1,0,0,True,20.7
2021,1,8,3,True,26.8
2021,1,8,3,True,53.1
2021,1,2,12,True,30.8
2021,1,2,12,True,3.8
2021,1,8,3,True,14.6
2021,1,8,3,True,9.4
2021,1,8,3,True,8.6
2021,1,0,0,True,99.3
2021,1,0,0,True,44.8
2021,1,8,3,True,0.0
2021,1,0,0,True,1.4
2021,1,0,0,True,21.2
2021,1,0,0,True,19.7
2021,2,7,8,True,3.6
2021,2,7,8,True,6.0
2021,2,8,3,True,1.6
2021,2,8,3,True,11.1
2021,2,0,0,True,0.0
2021,2,8,3,True,13.1
2021,2,8,3,True,8.3
2021,2,8,3,True,0.0
2021,2,7,18,True,0.7
2021,2,8,3,True,8.0
2021,2,0,0,True,24.6
2021,2,8,3,True,32.0
2021,2,0,0,True,25.0
2021,2,1,4,True,9.8
2021,2,8,3,True,7.0
2021,2,8,3,True,24.8
2021,2,0,0,True,17.4
2021,2,8,3,True,10.6
2021,2,0,0,True,1.1
2021,2,0,7,True,11.6
2021,2,8,3,True,24.0
2021,2,8,3,True,5.9
2021,2,8,16,True,32.9
2021,2,8,16,True,8.0
2021,2,0,0,True,15.3
2021,2,0,0,True,18.3
2021,2,2,12,True,22.7
2021,2,8,3,True,50.2
2021,2,2,12,True,2.9
2021,2,0,0,True,3.3
2021,2,8,3,True,33.1
2021,2,0,0,True,24.1
2021,2,0,0,True,11.6
2021,2,0,0,True,5.4
2021,2,0,0,True,2.9
2021,2,1,4,True,12.0
2021,2,7,8,True,31.6
2021,2,0,0,True,19.6
2021,2,0,0,True,57.6
2021,2,8,3,True,20.6
2021,2,0,0,True,11.2
2021,2,1,4,True,5.9
2021,2,2,11,True,22.8
2021,2,8,3,True,1.6
2021,2,0,0,True,24.9
2021,2,0,0,True,34.9
2021,2,8,3,True,17.2
2021,2,0,0,True,13.9
2021,2,8,3,True,11.3
2021,2,8,3,True,20.2
2021,2,8,3,True,20.8
2021,2,8,16,True,13.9
2021,2,8,3,True,9.2
2021,3,7,8,True,3.5
2021,3,7,8,True,5.8
2021,3,8,3,True,1.9
2021,3,8,3,True,11.5
2021,3,0,0,True,0.0
2021,3,8,3,True,14.3
2021,3,8,3,True,9.4
2021,3,8,3,True,0.0
2021,3,7,18,True,0.6
2021,3,8,3,True,9.3
2021,3,0,0,True,26.5
2021,3,8,3,True,41.7
2021,3,0,0,True,34.1
2021,3,1,4,True,11.6
2021,3,8,3,True,9.4
2021,3,8,3,True,24.5
2021,3,0,0,True,16.2
2021,3,8,3,True,10.8
2021,3,0,0,True,1.0
2021,3,0,7,True,13.3
2021,3,8,3,True,23.0
2021,3,8,3,True,7.3
2021,3,8,16,True,39.7
2021,3,8,16,True,9.3
2021,3,0,0,True,16.3
2021,3,0,0,True,19.7
2021,3,2,12,True,29.0
2021,3,8,3,True,49.3
2021,3,2,12,True,3.8
2021,3,0,0,True,4.3
2021,3,8,3,True,33.8
2021,3,0,0,True,26.7
2021,3,0,0,True,12.6
2021,3,0,0,True,7.1
2021,3,0,0,True,3.9
2021,3,1,4,True,17.1
2021,3,7,8,True,31.9
2021,3,0,0,True,26.1
2021,3,0,0,True,76.6
2021,3,8,3,True,21.6
2021,3,0,0,True,11.9
2021,3,1,4,True,7.6
2021,3,2,11,True,25.5
2021,3,8,3,True,6.7
2021,3,0,0,True,24.1
2021,3,0,0,True,34.5
2021,3,8,3,True,8.6
2021,3,0,0,True,13.9
2021,3,8,3,True,15.1
2021,3,8,3,True,22.4
2021,3,8,3,True,22.2
2021,3,8,16,True,26.5
2021,3,8,3,True,13.8
2021,3,8,3,True,15.6
2021,4,7,8,True,2.7
2021,4,7,8,True,4.8
2021,4,8,3,True,2.2
2021,4,8,3,True,9.8
2021,4,0,0,True,0.0
2021,4,8,3,True,10.0
2021,4,8,3,True,6.4
2021,4,8,3,True,0.0
2021,4,7,18,True,0.7
2021,4,8,3,True,6.7
2021,4,0,0,True,29.1
2021,4,8,3,True,41.9
2021,4,0,0,True,37.1
2021,4,1,4,True,16.3
2021,4,8,3,True,8.4
2021,4,8,3,True,18.2
2021,4,0,0,True,18.4
2021,4,8,3,True,8.4
2021,4,0,0,True,1.2
2021,4,0,7,True,16.2
2021,4,8,3,True,15.9
2021,4,8,3,True,8.6
2021,4,8,16,True,40.7
2021,4,8,16,True,9.6
2021,4,0,0,True,16.5
2021,4,0,0,True,21.2
2021,4,2,12,True,21.6
2021,4,8,3,True,37.9
2021,4,2,12,True,3.0
2021,4,0,0,True,5.2
2021,4,8,3,True,26.1
2021,4,0,0,True,31.5
2021,4,0,0,True,14.8
2021,4,0,0,True,8.3
2021,4,0,0,True,4.1
2021,4,1,4,True,21.6
2021,4,7,8,True,26.0
2021,4,0,0,True,30.1
2021,4,0,0,True,81.6
2021,4,8,3,True,17.5
2021,4,0,0,True,12.7
2021,4,1,4,True,9.0
2021,4,2,11,True,18.8
2021,4,8,3,True,6.6
2021,4,0,0,True,30.2
2021,4,0,0,True,43.4
2021,4,8,3,True,11.8
2021,4,0,0,True,15.9
2021,4,8,3,True,11.9
2021,4,8,3,True,19.0
2021,4,8,3,True,19.1
2021,4,8,16,True,33.0
2021,4,8,3,True,15.6
2021,4,8,3,True,33.0
2021,5,7,8,True,2.4
2021,5,7,8,True,4.0
2021,5,8,3,True,2.1
2021,5,8,3,True,11.4
2021,5,0,0,True,0.0
2021,5,8,3,True,13.0
2021,5,8,3,True,7.8
2021,5,8,3,True,0.0
2021,5,7,18,True,0.8
2021,5,8,3,True,8.3
2021,5,0,0,True,29.0
2021,5,8,3,True,36.0
2021,5,0,0,True,29.6
2021,5,1,4,True,16.9
2021,5,8,3,True,8.3
2021,5,8,3,True,22.6
2021,5,0,0,True,18.6
2021,5,8,3,True,10.5
2021,5,0,0,True,1.3
2021,5,0,7,True,15.2
2021,5,8,3,True,22.2
2021,5,8,3,True,7.5
2021,5,8,16,True,34.9
2021,5,8,16,True,8.4
2021,5,0,0,True,17.0
2021,5,0,0,True,21.7
2021,5,2,12,True,31.5
2021,5,8,3,True,50.7
2021,5,2,12,True,4.0
2021,5,0,0,True,5.5
2021,5,8,3,True,34.7
2021,5,0,0,True,30.2
2021,5,0,0,True,15.0
2021,5,0,0,True,6.7
2021,5,0,0,True,3.5
2021,5,1,4,True,22.7
2021,5,7,8,True,20.7
2021,5,0,0,True,25.3
2021,5,0,0,True,73.2
2021,5,8,3,True,16.9
2021,5,0,0,True,14.9
2021,5,1,4,True,9.3
2021,5,2,11,True,27.3
2021,5,8,3,True,9.2
2021,5,0,0,True,36.0
2021,5,0,0,True,52.7
2021,5,8,3,True,21.2
2021,5,0,0,True,16.4
2021,5,8,3,True,13.4
2021,5,8,3,True,21.3
2021,5,8,3,True,21.1
2021,5,8,16,True,25.4
2021,5,8,3,True,16.6
2021,5,8,3,True,38.2
2021,5,8,3,True,0.9
2021,5,0,0,True,11.9
2021,6,7,8,True,3.1
2021,6,7,8,True,3.8
2021,6,8,3,True,2.3
2021,6,8,3,True,14.6
2021,6,0,0,True,0.0
2021,6,8,3,True,13.5
2021,6,8,3,True,8.0
2021,6,8,3,True,0.0
2021,6,7,18,True,0.7
2021,6,8,3,True,9.1
2021,6,0,0,True,28.7
2021,6,8,3,True,43.7
2021,6,0,0,True,33.8
2021,6,1,4,True,14.7
2021,6,8,3,True,9.0
2021,6,8,3,True,24.1
2021,6,0,0,True,19.3
2021,6,8,3,True,10.7
2021,6,0,0,True,1.3
2021,6,0,7,True,15.8
2021,6,8,3,True,24.1
2021,6,8,3,True,8.8
2021,6,8,16,True,38.9
2021,6,8,16,True,9.6
2021,6,0,0,True,18.4
2021,6,0,0,True,22.0
2021,6,2,12,True,32.2
2021,6,8,3,True,53.6
2021,6,2,12,True,4.1
2021,6,0,0,True,6.1
2021,6,8,3,True,37.9
2021,6,0,0,True,31.5
2021,6,0,0,True,15.5
2021,6,0,0,True,8.1
2021,6,0,0,True,4.2
2021,6,1,4,True,19.0
2021,6,7,8,True,20.0
2021,6,0,0,True,30.4
2021,6,0,0,True,85.8
2021,6,8,3,True,21.6
2021,6,0,0,True,13.3
2021,6,1,4,True,8.4
2021,6,2,11,True,27.0
2021,6,8,3,True,9.0
2021,6,0,0,True,31.2
2021,6,0,0,True,50.1
2021,6,8,3,True,31.6
2021,6,0,0,True,15.8
2021,6,8,3,True,13.9
2021,6,8,3,True,22.9
2021,6,8,3,True,22.9
2021,6,8,16,True,33.1
2021,6,8,3,True,18.8
2021,6,8,3,True,43.1
2021,6,8,3,True,6.8
2021,6,0,0,True,20.7
2021,7,7,8,True,2.9
2021,7,7,8,True,4.0
2021,7,8,3,True,2.9
2021,7,8,3,True,16.1
2021,7,0,0,True,0.0
2021,7,8,3,True,16.0
2021,7,8,3,True,9.5
2021,7,8,3,True,0.0
2021,7,7,18,True,0.7
2021,7,8,3,True,10.4
2021,7,0,0,True,40.5
2021,7,8,3,True,53.3
2021,7,0,0,True,41.4
2021,7,1,4,True,17.3
2021,7,8,3,True,11.1
2021,7,8,3,True,26.1
2021,7,0,0,True,22.4
2021,7,8,3,True,10.8
2021,7,0,0,True,1.5
2021,7,0,7,True,13.0
2021,7,8,3,True,25.2
2021,7,8,3,True,9.9
2021,7,8,16,True,52.4
2021,7,8,16,True,12.8
2021,7,0,0,True,22.9
2021,7,0,0,True,26.2
2021,7,2,12,True,36.7
2021,7,8,3,True,56.7
2021,7,2,12,True,4.7
2021,7,0,0,True,7.2
2021,7,8,3,True,39.8
2021,7,0,0,True,40.7
2021,7,0,0,True,19.1
2021,7,0,0,True,9.3
2021,7,0,0,True,5.0
2021,7,1,4,True,19.8
2021,7,7,8,True,21.0
2021,7,0,0,True,35.0
2021,7,0,0,True,93.3
2021,7,8,3,True,23.5
2021,7,0,0,True,15.5
2021,7,1,4,True,9.0
2021,7,2,11,True,25.6
2021,7,8,3,True,9.8
2021,7,0,0,True,41.7
2021,7,0,0,True,60.1
2021,7,8,3,True,32.7
2021,7,0,0,True,21.6
2021,7,8,3,True,18.0
2021,7,8,3,True,24.5
2021,7,8,3,True,25.1
2021,7,8,16,True,45.2
2021,7,8,3,True,21.9
2021,7,8,3,True,46.9
2021,7,8,3,True,7.9
2021,7,0,0,True,24.7
2021,8,7,8,True,3.8
2021,8,7,8,True,5.1
2021,8,8,3,True,2.6
2021,8,8,3,True,13.4
2021,8,0,0,True,0.0
2021,8,8,3,True,15.1
2021,8,8,3,True,9.3
2021,8,8,3,True,0.0
2021,8,7,18,True,1.2
2021,8,8,3,True,9.1
2021,8,0,0,True,38.9
2021,8,8,3,True,46.2
2021,8,0,0,True,40.5
2021,8,1,4,True,19.1
2021,8,8,3,True,10.4
2021,8,8,3,True,25.6
2021,8,0,0,True,23.6
2021,8,8,3,True,10.7
2021,8,0,0,True,1.6
2021,8,0,7,True,15.1
2021,8,8,3,True,22.9
2021,8,8,3,True,6.4
2021,8,8,16,True,40.7
2021,8,8,16,True,9.7
2021,8,0,0,True,20.1
2021,8,0,0,True,24.6
2021,8,2,12,True,36.2
2021,8,8,3,True,53.1
2021,8,2,12,True,4.6
2021,8,0,0,True,6.8
2021,8,8,3,True,36.4
2021,8,0,0,True,36.7
2021,8,0,0,True,18.1
2021,8,0,0,True,9.3
2021,8,0,0,True,4.9
2021,8,1,4,True,22.6
2021,8,7,8,True,23.6
2021,8,0,0,True,34.5
2021,8,0,0,True,96.0
2021,8,8,3,True,21.0
2021,8,0,0,True,13.6
2021,8,1,4,True,9.1
2021,8,2,11,True,29.0
2021,8,8,3,True,9.3
2021,8,0,0,True,31.5
2021,8,0,0,True,52.3
2021,8,8,3,True,33.5
2021,8,0,0,True,19.4
2021,8,8,3,True,17.1
2021,8,8,3,True,22.1
2021,8,8,3,True,22.1
2021,8,8,16,True,37.8
2021,8,8,3,True,21.2
2021,8,8,3,True,40.8
2021,8,8,3,True,7.9
2021,8,0,0,True,19.0
2021,9,7,8,True,4.8
2021,9,7,8,True,6.5
2021,9,8,3,True,2.3
2021,9,8,3,True,10.5
2021,9,0,0,True,0.0
2021,9,8,3,True,11.7
2021,9,8,3,True,7.6
2021,9,8,3,True,0.0
2021,9,7,18,True,1.3
2021,9,8,3,True,7.5
2021,9,0,0,True,25.6
2021,9,8,3,True,42.5
2021,9,0,0,True,34.7
2021,9,1,4,True,16.9
2021,9,8,3,True,8.6
2021,9,8,3,True,23.7
2021,9,0,0,True,17.6
2021,9,8,3,True,10.2
2021,9,0,0,True,1.1
2021,9,0,7,True,14.5
2021,9,8,3,True,20.5
2021,9,8,3,True,5.2
2021,9,8,16,True,34.5
2021,9,8,16,True,8.1
2021,9,0,0,True,15.9
2021,9,0,0,True,20.9
2021,9,2,12,True,29.8
2021,9,8,3,True,47.1
2021,9,2,12,True,3.7
2021,9,0,0,True,6.0
2021,9,8,3,True,31.6
2021,9,0,0,True,28.8
2021,9,0,0,True,13.4
2021,9,0,0,True,7.5
2021,9,0,0,True,3.8
2021,9,1,4,True,21.5
2021,9,7,8,True,30.8
2021,9,0,0,True,28.4
2021,9,0,0,True,75.6
2021,9,8,3,True,19.6
2021,9,0,0,True,12.4
2021,9,1,4,True,9.6
2021,9,2,11,True,28.4
2021,9,8,3,True,9.3
2021,9,0,0,True,31.1
2021,9,0,0,True,43.7
2021,9,8,3,True,31.7
2021,9,0,0,True,15.5
2021,9,8,3,True,14.5
2021,9,8,3,True,20.8
2021,9,8,3,True,20.5
2021,9,8,16,True,35.9
2021,9,8,3,True,20.8
2021,9,8,3,True,36.6
2021,9,8,3,True,8.3
2021,9,0,0,True,14.4
2021,10,7,8,True,4.6
2021,10,7,8,True,5.2
2021,10,8,3,True,2.6
2021,10,8,3,True,12.5
2021,10,0,0,True,0.0
2021,10,8,3,True,16.5
2021,10,8,3,True,10.4
2021,10,8,3,True,0.0
2021,10,7,18,True,1.4
2021,10,8,3,True,9.9
2021,10,0,0,True,32.0
2021,10,8,3,True,48.4
2021,10,0,0,True,36.1
2021,10,1,4,True,17.1
2021,10,8,3,True,10.3
2021,10,8,3,True,31.2
2021,10,0,0,True,20.4
2021,10,8,3,True,11.4
2021,10,0,0,True,1.3
2021,10,0,7,True,16.3
2021,10,8,3,True,26.1
2021,10,8,3,True,4.5
2021,10,8,16,True,47.8
2021,10,8,16,True,11.8
2021,10,0,0,True,17.7
2021,10,0,0,True,20.8
2021,10,2,12,True,36.4
2021,10,8,3,True,62.8
2021,10,2,12,True,4.6
2021,10,0,0,True,6.2
2021,10,8,3,True,39.7
2021,10,0,0,True,32.4
2021,10,0,0,True,15.3
2021,10,0,0,True,7.4
2021,10,0,0,True,3.5
2021,10,1,4,True,20.5
2021,10,7,8,True,32.7
2021,10,0,0,True,30.3
2021,10,0,0,True,83.0
2021,10,8,3,True,24.4
2021,10,0,0,True,13.8
2021,10,1,4,True,9.1
2021,10,2,11,True,40.2
2021,10,8,3,True,11.2
2021,10,0,0,True,34.1
2021,10,0,0,True,42.7
2021,10,8,3,True,38.3
2021,10,0,0,True,18.7
2021,10,8,3,True,19.4
2021,10,8,3,True,25.3
2021,10,8,3,True,24.4
2021,10,8,16,True,46.6
2021,10,8,3,True,26.5
2021,10,8,3,True,45.8
2021,10,8,3,True,9.3
2021,10,0,0,True,13.8
2021,11,1,4,True,16.4
2021,11,8,3,True,24.9
2021,11,8,3,True,33.7
2021,11,7,8,True,29.5
2021,11,7,8,True,4.2
2021,11,7,8,True,4.6
2021,11,0,0,True,18.0
2021,11,0,7,True,12.7
2021,11,8,16,True,10.6
2021,11,8,16,True,43.9
2021,11,8,3,True,9.9
2021,11,8,3,True,22.7
2021,11,8,3,True,34.3
2021,11,8,3,True,9.9
2021,11,0,0,True,27.6
2021,11,8,3,True,3.8
2021,11,8,3,True,2.3
2021,11,0,0,True,6.6
2021,11,0,0,True,25.8
2021,11,8,3,True,10.2
2021,11,0,0,True,29.0
2021,11,0,0,True,12.9
2021,11,0,0,True,2.9
2021,11,7,18,True,0.8
2021,11,8,3,True,9.2
2021,11,0,0,True,5.2
2021,11,0,0,True,30.3
2021,11,8,16,True,37.2
2021,11,8,3,True,22.8
2021,11,8,3,True,22.9
2021,11,8,3,True,22.2
2021,11,8,3,True,10.0
2021,11,8,3,True,44.6
2021,11,8,3,True,20.3
2021,11,8,3,True,43.0
2021,11,1,4,True,20.9
2021,11,0,0,True,31.6
2021,11,0,0,True,12.0
2021,11,0,0,True,0.0
2021,11,2,11,True,39.1
2021,11,1,4,True,8.9
2021,11,0,0,True,17.0
2021,11,8,3,True,28.3
2021,11,8,3,True,55.7
2021,11,2,12,True,30.5
2021,11,2,12,True,3.9
2021,11,8,3,True,13.2
2021,11,8,3,True,8.3
2021,11,8,3,True,8.0
2021,11,0,0,True,71.1
2021,11,0,0,True,17.7
2021,11,0,0,True,43.8
2021,11,8,3,True,0.0
2021,11,0,0,True,1.1
2021,11,0,0,True,16.6
2021,11,0,0,True,13.8
2021,12,7,8,True,5.7
2021,12,7,8,True,5.5
2021,12,8,3,True,2.0
2021,12,8,3,True,10.8
2021,12,0,0,True,0.0
2021,12,8,3,True,12.5
2021,12,8,3,True,8.3
2021,12,8,3,True,0.0
2021,12,7,18,True,1.0
2021,12,8,3,True,7.8
2021,12,0,0,True,26.8
2021,12,8,3,True,36.3
2021,12,0,0,True,31.8
2021,12,1,4,True,18.1
2021,12,8,3,True,8.8
2021,12,8,3,True,28.1
2021,12,0,0,True,19.8
2021,12,8,3,True,10.3
2021,12,0,0,True,1.3
2021,12,0,7,True,10.9
2021,12,8,3,True,24.9
2021,12,8,3,True,3.3
2021,12,8,16,True,39.2
2021,12,8,16,True,9.7
2021,12,0,0,True,16.9
2021,12,0,0,True,18.7
2021,12,2,12,True,29.4
2021,12,8,3,True,55.1
2021,12,2,12,True,3.6
2021,12,0,0,True,5.3
2021,12,8,3,True,35.2
2021,12,0,0,True,28.4
2021,12,0,0,True,12.8
2021,12,0,0,True,7.1
2021,12,0,0,True,3.0
2021,12,1,4,True,20.9
2021,12,7,8,True,38.2
2021,12,0,0,True,25.3
2021,12,0,0,True,70.9
2021,12,8,3,True,22.9
2021,12,0,0,True,11.2
2021,12,1,4,True,8.8
2021,12,2,11,True,36.5
2021,12,8,3,True,10.1
2021,12,0,0,True,28.2
2021,12,0,0,True,36.5
2021,12,8,3,True,36.5
2021,12,0,0,True,14.8
2021,12,8,3,True,16.6
2021,12,8,3,True,22.8
2021,12,8,3,True,22.7
2021,12,8,16,True,30.9
2021,12,8,3,True,23.6
2021,12,8,3,True,44.1
2021,12,8,3,True,8.9
2021,12,0,0,True,16.9
2021,12,8,16,True,19.6
2021,12,8,16,True,2.2
2022,1,7,8,True,4.7
2022,1,7,8,True,5.0
2022,1,8,3,True,2.5
2022,1,8,3,True,10.8
2022,1,0,0,True,0.0
2022,1,8,3,True,13.2
2022,1,8,3,True,9.0
2022,1,8,3,True,0.0
2022,1,7,18,True,0.3
2022,1,8,3,True,7.5
2022,1,0,0,True,36.4
2022,1,8,3,True,38.9
2022,1,0,0,True,37.9
2022,1,1,4,True,17.4
2022,1,8,3,True,8.4
2022,1,8,3,True,27.1
2022,1,0,0,True,22.7
2022,1,8,3,True,10.9
2022,1,0,0,True,1.5
2022,1,0,7,True,14.1
2022,1,8,3,True,23.1
2022,1,8,3,True,3.5
2022,1,8,16,True,39.5
2022,1,8,16,True,9.6
2022,1,0,0,True,21.8
2022,1,0,0,True,22.9
2022,1,2,12,True,33.0
2022,1,8,3,True,53.1
2022,1,2,12,True,4.2
2022,1,0,0,True,5.1
2022,1,8,3,True,35.3
2022,1,0,0,True,35.0
2022,1,0,0,True,16.6
2022,1,0,0,True,8.3
2022,1,0,0,True,3.6
2022,1,1,4,True,20.3
2022,1,7,8,True,31.4
2022,1,0,0,True,31.8
2022,1,0,0,True,83.5
2022,1,8,3,True,22.9
2022,1,0,0,True,14.1
2022,1,1,4,True,9.0
2022,1,2,11,True,41.0
2022,1,8,3,True,6.9
2022,1,0,0,True,39.8
2022,1,0,0,True,44.6
2022,1,8,3,True,34.4
2022,1,0,0,True,18.2
2022,1,8,3,True,18.4
2022,1,8,3,True,22.9
2022,1,8,3,True,22.4
2022,1,8,16,True,39.0
2022,1,8,3,True,18.0
2022,1,8,3,True,42.9
2022,1,8,3,True,10.0
2022,1,0,0,True,19.2
2022,1,8,16,True,15.7
2022,1,8,16,True,2.5
2022,2,1,4,True,13.9
2022,2,8,3,True,22.5
2022,2,8,3,True,33.0
2022,2,7,8,True,32.8
2022,2,7,8,True,3.8
2022,2,7,8,True,3.7
2022,2,0,0,True,18.6
2022,2,0,7,True,13.4
2022,2,8,16,True,8.6
2022,2,8,16,True,34.8
2022,2,8,3,True,7.7
2022,2,8,3,True,19.8
2022,2,8,3,True,31.7
2022,2,8,3,True,10.7
2022,2,0,0,True,29.5
2022,2,8,3,True,3.0
2022,2,8,3,True,1.9
2022,2,0,0,True,7.2
2022,2,0,0,True,27.0
2022,2,8,3,True,7.6
2022,2,0,0,True,30.2
2022,2,0,0,True,14.2
2022,2,0,0,True,3.2
2022,2,7,18,True,0.9
2022,2,8,3,True,7.9
2022,2,0,0,True,4.1
2022,2,0,0,True,33.2
2022,2,8,16,True,30.3
2022,2,8,3,True,21.0
2022,2,8,3,True,19.6
2022,2,8,3,True,20.7
2022,2,8,3,True,11.3
2022,2,8,3,True,37.0
2022,2,8,3,True,14.9
2022,2,8,3,True,32.5
2022,2,1,4,True,16.1
2022,2,0,0,True,29.2
2022,2,0,0,True,10.6
2022,2,0,0,True,0.0
2022,2,2,11,True,33.9
2022,2,1,4,True,7.1
2022,2,0,0,True,18.7
2022,2,8,3,True,24.6
2022,2,8,3,True,48.4
2022,2,2,12,True,33.7
2022,2,2,12,True,4.2
2022,2,8,3,True,13.3
2022,2,8,3,True,8.6
2022,2,8,3,True,7.8
2022,2,0,0,True,71.9
2022,2,0,0,True,17.6
2022,2,0,0,True,38.2
2022,2,8,3,True,0.0
2022,2,0,0,True,1.2
2022,2,0,0,True,18.0
2022,2,0,0,True,15.4
2022,2,8,16,True,20.0
2022,2,8,16,True,3.4
2022,3,1,4,True,17.1
2022,3,8,3,True,26.4
2022,3,8,3,True,37.0
2022,3,7,8,True,32.9
2022,3,7,8,True,4.2
2022,3,7,8,True,4.6
2022,3,0,0,True,22.2
2022,3,0,7,True,14.3
2022,3,8,16,True,11.8
2022,3,8,16,True,48.0
2022,3,8,3,True,9.1
2022,3,8,3,True,23.7
2022,3,8,3,True,35.9
2022,3,8,3,True,11.7
2022,3,0,0,True,35.4
2022,3,8,3,True,3.5
2022,3,8,3,True,2.8
2022,3,0,0,True,8.3
2022,3,0,0,True,31.3
2022,3,8,3,True,11.0
2022,3,0,0,True,34.6
2022,3,0,0,True,16.6
2022,3,0,0,True,4.4
2022,3,7,18,True,0.8
2022,3,8,3,True,11.2
2022,3,0,0,True,5.6
2022,3,0,0,True,37.9
2022,3,8,16,True,43.0
2022,3,8,3,True,24.1
2022,3,8,3,True,22.5
2022,3,8,3,True,24.0
2022,3,8,3,True,12.4
2022,3,8,3,True,46.1
2022,3,8,3,True,21.7
2022,3,8,3,True,45.5
2022,3,1,4,True,18.9
2022,3,0,0,True,37.2
2022,3,0,0,True,13.8
2022,3,0,0,True,0.0
2022,3,2,11,True,35.2
2022,3,1,4,True,8.9
2022,3,0,0,True,21.6
2022,3,8,3,True,27.5
2022,3,8,3,True,57.0
2022,3,2,12,True,39.2
2022,3,2,12,True,5.0
2022,3,8,3,True,15.8
2022,3,8,3,True,9.8
2022,3,8,3,True,9.6
2022,3,0,0,True,77.6
2022,3,0,0,True,21.5
2022,3,0,0,True,45.7
2022,3,8,3,True,0.0
2022,3,0,0,True,1.4
2022,3,0,0,True,21.5
2022,3,0,0,True,19.2
2022,3,8,16,True,33.6
2022,3,8,16,True,6.1
2022,4,1,4,True,17.7
2022,4,8,3,True,25.9
2022,4,8,3,True,38.7
2022,4,7,8,True,27.9
2022,4,7,8,True,3.6
2022,4,7,8,True,3.4
2022,4,0,0,True,21.9
2022,4,0,7,True,14.9
2022,4,8,16,True,10.2
2022,4,8,16,True,40.3
2022,4,8,3,True,9.8
2022,4,8,3,True,22.8
2022,4,8,3,True,33.7
2022,4,8,3,True,11.1
2022,4,0,0,True,33.7
2022,4,8,3,True,5.2
2022,4,8,3,True,2.1
2022,4,0,0,True,8.2
2022,4,0,0,True,30.8
2022,4,8,3,True,10.4
2022,4,0,0,True,33.3
2022,4,0,0,True,16.4
2022,4,0,0,True,4.3
2022,4,7,18,True,1.0
2022,4,8,3,True,10.7
2022,4,0,0,True,6.3
2022,4,0,0,True,35.4
2022,4,8,16,True,35.8
2022,4,8,3,True,23.4
2022,4,8,3,True,21.4
2022,4,8,3,True,23.2
2022,4,8,3,True,12.6
2022,4,8,3,True,44.8
2022,4,8,3,True,17.9
2022,4,8,3,True,45.0
2022,4,1,4,True,20.3
2022,4,0,0,True,36.0
2022,4,0,0,True,11.9
2022,4,0,0,True,0.0
2022,4,2,11,True,34.5
2022,4,1,4,True,9.4
2022,4,0,0,True,20.4
2022,4,8,3,True,26.5
2022,4,8,3,True,57.0
2022,4,2,12,True,36.0
2022,4,2,12,True,4.6
2022,4,8,3,True,15.0
2022,4,8,3,True,9.3
2022,4,8,3,True,9.4
2022,4,0,0,True,79.1
2022,4,0,0,True,20.4
2022,4,0,0,True,45.6
2022,4,8,3,True,0.0
2022,4,0,0,True,1.3
2022,4,0,0,True,20.2
2022,4,0,0,True,18.6
2022,4,8,16,True,31.5
2022,4,8,16,True,6.3
2022,5,1,4,True,13.0
2022,5,8,3,True,25.0
2022,5,8,3,True,36.0
2022,5,7,8,True,22.2
2022,5,7,8,True,2.8
2022,5,7,8,True,2.9
2022,5,0,0,True,20.8
2022,5,0,7,True,11.2
2022,5,8,16,True,11.0
2022,5,8,16,True,40.0
2022,5,8,3,True,9.7
2022,5,8,3,True,22.5
2022,5,8,3,True,33.6
2022,5,8,3,True,10.9
2022,5,0,0,True,30.8
2022,5,8,3,True,6.7
2022,5,8,3,True,2.5
2022,5,0,0,True,6.8
2022,5,0,0,True,26.9
2022,5,8,3,True,9.3
2022,5,0,0,True,31.8
2022,5,0,0,True,15.6
2022,5,0,0,True,3.7
2022,5,7,18,True,1.1
2022,5,8,3,True,10.2
2022,5,0,0,True,5.1
2022,5,0,0,True,29.4
2022,5,8,16,True,34.5
2022,5,8,3,True,23.8
2022,5,8,3,True,21.7
2022,5,8,3,True,23.8
2022,5,8,3,True,13.0
2022,5,8,3,True,44.8
2022,5,8,3,True,16.6
2022,5,8,3,True,40.2
2022,5,1,4,True,15.4
2022,5,0,0,True,34.9
2022,5,0,0,True,11.7
2022,5,0,0,True,0.0
2022,5,2,11,True,24.4
2022,5,1,4,True,7.0
2022,5,0,0,True,18.8
2022,5,8,3,True,26.1
2022,5,8,3,True,56.0
2022,5,2,12,True,28.1
2022,5,2,12,True,3.8
2022,5,8,3,True,14.9
2022,5,8,3,True,8.9
2022,5,8,3,True,10.0
2022,5,0,0,True,70.0
2022,5,0,0,True,20.0
2022,5,0,0,True,44.7
2022,5,8,3,True,0.0
2022,5,0,0,True,1.3
2022,5,0,0,True,19.8
2022,5,0,0,True,17.4
2022,5,8,16,True,35.2
2022,5,8,16,True,7.7
2022,6,7,8,True,2.7
2022,6,7,8,True,2.6
2022,6,8,3,True,2.3
2022,6,8,3,True,11.2
2022,6,0,0,True,0.0
2022,6,8,3,True,13.6
2022,6,8,3,True,8.0
2022,6,8,3,True,0.0
2022,6,7,18,True,1.2
2022,6,8,3,True,9.1
2022,6,0,0,True,29.9
2022,6,8,3,True,42.8
2022,6,0,0,True,33.0
2022,6,1,4,True,14.0
2022,6,8,3,True,8.5
2022,6,8,3,True,22.4
2022,6,0,0,True,20.3
2022,6,8,3,True,9.1
2022,6,0,0,True,1.3
2022,6,0,7,True,13.1
2022,6,8,3,True,20.1
2022,6,8,3,True,7.9
2022,6,8,16,True,38.4
2022,6,8,16,True,9.9
2022,6,0,0,True,18.4
2022,6,0,0,True,20.6
2022,6,2,12,True,31.9
2022,6,8,3,True,48.9
2022,6,2,12,True,4.1
2022,6,0,0,True,4.3
2022,6,8,3,True,30.6
2022,6,0,0,True,30.9
2022,6,0,0,True,15.9
2022,6,0,0,True,7.2
2022,6,0,0,True,2.2
2022,6,1,4,True,16.6
2022,6,7,8,True,20.0
2022,6,0,0,True,28.9
2022,6,0,0,True,74.4
2022,6,8,3,True,19.6
2022,6,0,0,True,11.1
2022,6,1,4,True,7.1
2022,6,2,11,True,21.6
2022,6,8,3,True,7.3
2022,6,0,0,True,33.5
2022,6,0,0,True,41.6
2022,6,8,3,True,28.1
2022,6,0,0,True,17.7
2022,6,8,3,True,15.7
2022,6,8,3,True,21.1
2022,6,8,3,True,21.2
2022,6,8,16,True,36.2
2022,6,8,3,True,17.9
2022,6,8,3,True,39.2
2022,6,8,3,True,9.9
2022,6,0,0,True,18.7
2022,6,8,16,True,42.1
2022,6,8,16,True,8.0
2022,7,1,4,True,19.5
2022,7,8,3,True,25.6
2022,7,8,3,True,36.7
2022,7,7,8,True,23.4
2022,7,7,8,True,3.1
2022,7,7,8,True,2.7
2022,7,0,0,True,23.7
2022,7,0,7,True,15.9
2022,7,8,16,True,8.8
2022,7,8,16,True,34.8
2022,7,8,3,True,10.1
2022,7,8,3,True,23.3
2022,7,8,3,True,33.9
2022,7,8,3,True,11.6
2022,7,0,0,True,33.3
2022,7,8,3,True,7.3
2022,7,8,3,True,2.3
2022,7,0,0,True,6.8
2022,7,0,0,True,30.9
2022,7,8,3,True,9.7
2022,7,0,0,True,31.0
2022,7,0,0,True,16.7
2022,7,0,0,True,4.2
2022,7,7,18,True,1.4
2022,7,8,3,True,7.7
2022,7,0,0,True,4.8
2022,7,0,0,True,36.8
2022,7,8,16,True,35.8
2022,7,8,3,True,24.9
2022,7,8,3,True,23.5
2022,7,8,3,True,24.7
2022,7,8,3,True,13.3
2022,7,8,3,True,46.4
2022,7,8,3,True,15.3
2022,7,8,3,True,37.6
2022,7,1,4,True,23.5
2022,7,0,0,True,37.6
2022,7,0,0,True,12.4
2022,7,0,0,True,0.0
2022,7,2,11,True,25.0
2022,7,1,4,True,9.2
2022,7,0,0,True,20.6
2022,7,8,3,True,28.3
2022,7,8,3,True,59.4
2022,7,2,12,True,38.0
2022,7,2,12,True,4.9
2022,7,8,3,True,15.7
2022,7,8,3,True,9.5
2022,7,8,3,True,10.1
2022,7,0,0,True,77.8
2022,7,0,0,True,24.4
2022,7,0,0,True,50.0
2022,7,8,3,True,0.0
2022,7,0,0,True,1.5
2022,7,0,0,True,22.4
2022,7,0,0,True,19.3
2022,7,8,16,True,40.4
2022,7,8,16,True,7.6
2022,8,7,8,True,3.5
2022,8,7,8,True,2.5
2022,8,8,3,True,2.6
2022,8,8,3,True,11.7
2022,8,0,0,True,0.0
2022,8,8,3,True,14.3
2022,8,8,3,True,8.6
2022,8,8,3,True,0.0
2022,8,7,18,True,0.2
2022,8,8,3,True,9.2
2022,8,0,0,True,31.3
2022,8,8,3,True,50.0
2022,8,0,0,True,34.6
2022,8,1,4,True,16.8
2022,8,8,3,True,10.1
2022,8,8,3,True,23.0
2022,8,0,0,True,20.3
2022,8,8,3,True,9.5
2022,8,0,0,True,1.4
2022,8,0,7,True,14.4
2022,8,8,3,True,21.2
2022,8,8,3,True,7.3
2022,8,8,16,True,43.7
2022,8,8,16,True,10.5
2022,8,0,0,True,17.8
2022,8,0,0,True,20.5
2022,8,2,12,True,35.1
2022,8,8,3,True,51.0
2022,8,2,12,True,4.5
2022,8,0,0,True,5.5
2022,8,8,3,True,33.8
2022,8,0,0,True,31.0
2022,8,0,0,True,15.4
2022,8,0,0,True,7.0
2022,8,0,0,True,4.3
2022,8,1,4,True,18.2
2022,8,7,8,True,26.3
2022,8,0,0,True,30.1
2022,8,0,0,True,77.8
2022,8,8,3,True,20.3
2022,8,0,0,True,12.2
2022,8,1,4,True,7.8
2022,8,2,11,True,27.8
2022,8,8,3,True,6.6
2022,8,0,0,True,34.3
2022,8,0,0,True,43.7
2022,8,8,3,True,28.0
2022,8,0,0,True,17.5
2022,8,8,3,True,19.7
2022,8,8,3,True,21.9
2022,8,8,3,True,21.8
2022,8,8,16,True,43.0
2022,8,8,3,True,18.4
2022,8,8,3,True,42.3
2022,8,8,3,True,11.9
2022,8,0,0,True,19.9
2022,8,8,16,True,46.5
2022,8,8,16,True,8.2
2022,9,7,8,True,3.4
2022,9,7,8,True,2.3
2022,9,8,3,True,1.6
2022,9,8,3,True,12.5
2022,9,0,0,True,0.0
2022,9,8,3,True,11.8
2022,9,8,3,True,7.2
2022,9,8,3,True,0.0
2022,9,7,18,True,0.8
2022,9,8,3,True,7.6
2022,9,0,0,True,29.6
2022,9,8,3,True,44.4
2022,9,0,0,True,37.0
2022,9,1,4,True,17.1
2022,9,8,3,True,9.2
2022,9,8,3,True,23.7
2022,9,0,0,True,20.9
2022,9,8,3,True,9.6
2022,9,0,0,True,1.4
2022,9,0,7,True,16.7
2022,9,8,3,True,21.5
2022,9,8,3,True,5.1
2022,9,8,16,True,38.8
2022,9,8,16,True,9.4
2022,9,0,0,True,16.2
2022,9,0,0,True,19.4
2022,9,2,12,True,35.1
2022,9,8,3,True,50.4
2022,9,2,12,True,4.3
2022,9,0,0,True,5.5
2022,9,8,3,True,31.6
2022,9,0,0,True,30.4
2022,9,0,0,True,14.1
2022,9,0,0,True,7.6
2022,9,0,0,True,3.9
2022,9,1,4,True,17.7
2022,9,7,8,True,26.7
2022,9,0,0,True,28.6
2022,9,0,0,True,68.5
2022,9,8,3,True,20.5
2022,9,0,0,True,12.5
2022,9,1,4,True,8.8
2022,9,2,11,True,27.8
2022,9,8,3,True,8.9
2022,9,0,0,True,33.9
2022,9,0,0,True,43.2
2022,9,8,3,True,27.8
2022,9,0,0,True,18.6
2022,9,8,3,True,18.2
2022,9,8,3,True,21.4
2022,9,8,3,True,21.5
2022,9,8,16,True,36.1
2022,9,8,3,True,19.8
2022,9,8,3,True,41.4
2022,9,8,3,True,10.0
2022,9,0,0,True,19.8
2022,9,8,16,True,38.7
2022,9,8,16,True,7.7
2022,10,7,8,True,3.3
2022,10,7,8,True,2.7
2022,10,8,3,True,2.5
2022,10,8,3,True,14.6
2022,10,0,0,True,0.0
2022,10,8,3,True,14.9
2022,10,8,3,True,9.1
2022,10,8,3,True,0.0
2022,10,7,18,True,0.6
2022,10,8,3,True,9.4
2022,10,0,0,True,32.8
2022,10,8,3,True,51.9
2022,10,0,0,True,40.3
2022,10,1,4,True,20.1
2022,10,8,3,True,11.1
2022,10,8,3,True,28.1
2022,10,0,0,True,21.0
2022,10,8,3,True,12.0
2022,10,0,0,True,1.4
2022,10,0,7,True,16.3
2022,10,8,3,True,25.9
2022,10,8,3,True,5.1
2022,10,8,16,True,49.2
2022,10,8,16,True,11.8
2022,10,0,0,True,18.1
2022,10,0,0,True,20.4
2022,10,2,12,True,38.5
2022,10,8,3,True,58.5
2022,10,2,12,True,4.9
2022,10,0,0,True,4.6
2022,10,8,3,True,38.8
2022,10,0,0,True,34.3
2022,10,0,0,True,16.5
2022,10,0,0,True,8.3
2022,10,0,0,True,4.2
2022,10,1,4,True,21.3
2022,10,7,8,True,30.1
2022,10,0,0,True,30.3
2022,10,0,0,True,82.4
2022,10,8,3,True,23.7
2022,10,0,0,True,13.4
2022,10,1,4,True,10.1
2022,10,2,11,True,36.7
2022,10,8,3,True,7.9
2022,10,0,0,True,33.9
2022,10,0,0,True,49.3
2022,10,8,3,True,32.0
2022,10,0,0,True,20.0
2022,10,8,3,True,19.4
2022,10,8,3,True,23.7
2022,10,8,3,True,24.3
2022,10,8,16,True,42.4
2022,10,8,3,True,23.2
2022,10,8,3,True,46.6
2022,10,8,3,True,12.3
2022,10,0,0,True,23.1
2022,10,8,16,True,51.3
2022,10,8,16,True,8.4
2022,11,7,8,True,3.4
2022,11,7,8,True,3.5
2022,11,8,3,True,2.0
2022,11,8,3,True,12.6
2022,11,0,0,True,0.0
2022,11,8,3,True,11.9
2022,11,8,3,True,7.6
2022,11,8,3,True,0.0
2022,11,7,18,True,0.6
2022,11,8,3,True,7.8
2022,11,0,0,True,32.5
2022,11,8,3,True,37.4
2022,11,0,0,True,38.1
2022,11,1,4,True,19.0
2022,11,8,3,True,7.9
2022,11,8,3,True,23.7
2022,11,0,0,True,18.6
2022,11,8,3,True,10.6
2022,11,0,0,True,1.2
2022,11,0,7,True,15.9
2022,11,8,3,True,22.0
2022,11,8,3,True,3.8
2022,11,8,16,True,40.3
2022,11,8,16,True,9.9
2022,11,0,0,True,17.9
2022,11,0,0,True,17.8
2022,11,2,12,True,34.4
2022,11,8,3,True,47.6
2022,11,2,12,True,4.4
2022,11,0,0,True,4.8
2022,11,8,3,True,32.4
2022,11,0,0,True,34.2
2022,11,0,0,True,16.2
2022,11,0,0,True,8.3
2022,11,0,0,True,4.2
2022,11,1,4,True,23.1
2022,11,7,8,True,29.4
2022,11,0,0,True,30.3
2022,11,0,0,True,74.7
2022,11,8,3,True,21.0
2022,11,0,0,True,13.8
2022,11,1,4,True,9.4
2022,11,2,11,True,31.3
2022,11,8,3,True,7.7
2022,11,0,0,True,34.2
2022,11,0,0,True,48.6
2022,11,8,3,True,28.1
2022,11,0,0,True,17.8
2022,11,8,3,True,15.6
2022,11,8,3,True,21.4
2022,11,8,3,True,21.7
2022,11,8,16,True,33.6
2022,11,8,3,True,18.8
2022,11,8,3,True,40.3
2022,11,8,3,True,8.9
2022,11,0,0,True,22.7
2022,11,8,16,True,33.7
2022,11,8,16,True,6.2
2022,12,1,4,True,16.0
2022,12,8,3,True,23.5
2022,12,8,3,True,36.0
2022,12,7,8,True,27.8
2022,12,7,8,True,2.7
2022,12,7,8,True,3.1
2022,12,0,0,True,20.6
2022,12,0,7,True,12.6
2022,12,8,16,True,10.1
2022,12,8,16,True,41.1
2022,12,8,3,True,6.8
2022,12,8,3,True,18.4
2022,12,8,3,True,30.9
2022,12,8,3,True,11.2
2022,12,0,0,True,35.5
2022,12,8,3,True,2.9
2022,12,8,3,True,2.5
2022,12,0,0,True,8.4
2022,12,0,0,True,32.4
2022,12,8,3,True,11.1
2022,12,0,0,True,34.2
2022,12,0,0,True,16.5
2022,12,0,0,True,4.5
2022,12,7,18,True,0.6
2022,12,8,3,True,11.2
2022,12,0,0,True,6.1
2022,12,0,0,True,38.5
2022,12,8,16,True,6.4
2022,12,8,16,True,36.5
2022,12,8,16,True,40.5
2022,12,8,3,True,23.2
2022,12,8,3,True,23.5
2022,12,8,3,True,23.5
2022,12,8,3,True,14.0
2022,12,8,3,True,46.9
2022,12,8,3,True,19.4
2022,12,8,3,True,47.4
2022,12,1,4,True,19.9
2022,12,0,0,True,36.8
2022,12,0,0,True,13.8
2022,12,0,0,True,0.0
2022,12,2,11,True,37.8
2022,12,1,4,True,8.1
2022,12,0,0,True,20.2
2022,12,0,0,True,0.5
2022,12,8,3,True,27.3
2022,12,8,3,True,56.0
2022,12,2,12,True,33.7
2022,12,2,12,True,4.3
2022,12,8,3,True,13.3
2022,12,8,3,True,8.5
2022,12,8,3,True,8.4
2022,12,0,0,True,83.3
2022,12,0,0,True,22.5
2022,12,0,0,True,49.5
2022,12,8,3,True,0.0
2022,12,0,0,True,1.3
2022,12,0,0,True,20.9
2022,12,0,0,True,19.3
2023,1,7,8,True,2.0
2023,1,7,8,True,2.5
2023,1,8,3,True,2.2
2023,1,8,3,True,14.9
2023,1,0,0,True,0.0
2023,1,8,3,True,13.7
2023,1,8,3,True,8.1
2023,1,8,3,True,0.0
2023,1,7,18,True,0.5
2023,1,8,3,True,6.6
2023,1,0,0,True,28.1
2023,1,8,3,True,42.2
2023,1,0,0,True,32.1
2023,1,1,4,True,13.3
2023,1,8,3,True,9.7
2023,1,8,3,True,25.8
2023,1,0,0,True,19.9
2023,1,8,3,True,10.8
2023,1,0,0,True,1.2
2023,1,0,7,True,13.2
2023,1,8,3,True,22.6
2023,1,8,3,True,4.2
2023,1,8,16,True,46.8
2023,1,8,16,True,11.5
2023,1,0,0,True,16.9
2023,1,0,0,True,19.2
2023,1,2,12,True,31.3
2023,1,8,3,True,52.9
2023,1,2,12,True,3.9
2023,1,0,0,True,5.4
2023,1,8,3,True,32.8
2023,1,0,0,True,29.7
2023,1,0,0,True,13.6
2023,1,0,0,True,6.6
2023,1,0,0,True,3.7
2023,1,1,4,True,17.1
2023,1,7,8,True,30.5
2023,1,0,0,True,25.1
2023,1,0,0,True,68.0
2023,1,8,3,True,23.1
2023,1,0,0,True,12.5
2023,1,1,4,True,7.2
2023,1,2,11,True,36.1
2023,1,8,3,True,8.3
2023,1,0,0,True,30.0
2023,1,0,0,True,39.0
2023,1,8,3,True,29.6
2023,1,0,0,True,16.1
2023,1,8,3,True,20.0
2023,1,8,3,True,22.6
2023,1,8,3,True,23.0
2023,1,8,16,True,40.7
2023,1,8,3,True,20.5
2023,1,8,3,True,43.3
2023,1,8,3,True,9.9
2023,1,0,0,True,17.7
2023,1,8,16,True,43.2
2023,1,8,16,True,8.3
2023,1,0,0,True,6.7
2023,2,7,8,True,0.5
2023,2,7,8,True,1.0
2023,2,8,3,True,2.4
2023,2,8,3,True,12.4
2023,2,0,0,True,0.0
2023,2,8,3,True,12.9
2023,2,8,3,True,8.1
2023,2,8,3,True,0.0
2023,2,7,18,True,0.4
2023,2,8,3,True,7.8
2023,2,0,0,True,29.2
2023,2,8,3,True,44.0
2023,2,0,0,True,30.1
2023,2,1,4,True,13.2
2023,2,8,3,True,9.3
2023,2,8,3,True,22.8
2023,2,0,0,True,17.7
2023,2,8,3,True,9.8
2023,2,0,0,True,1.2
2023,2,0,7,True,13.0
2023,2,8,3,True,20.3
2023,2,8,3,True,4.4
2023,2,8,16,True,44.2
2023,2,8,16,True,10.6
2023,2,0,0,True,16.8
2023,2,0,0,True,16.0
2023,2,2,12,True,29.3
2023,2,8,3,True,48.3
2023,2,2,12,True,3.4
2023,2,0,0,True,5.1
2023,2,8,3,True,30.4
2023,2,0,0,True,28.7
2023,2,0,0,True,13.1
2023,2,0,0,True,6.5
2023,2,0,0,True,3.6
2023,2,1,4,True,18.1
2023,2,7,8,True,21.4
2023,2,0,0,True,25.0
2023,2,0,0,True,63.7
2023,2,8,3,True,20.7
2023,2,0,0,True,12.4
2023,2,1,4,True,7.6
2023,2,2,11,True,29.6
2023,2,8,3,True,7.1
2023,2,0,0,True,30.8
2023,2,0,0,True,38.3
2023,2,8,3,True,27.2
2023,2,0,0,True,15.9
2023,2,8,3,True,19.2
2023,2,8,3,True,21.1
2023,2,8,3,True,21.5
2023,2,8,16,True,40.8
2023,2,8,3,True,17.4
2023,2,8,3,True,39.6
2023,2,8,3,True,10.4
2023,2,0,0,True,18.5
2023,2,8,16,True,43.2
2023,2,8,16,True,7.6
2023,2,0,0,True,9.0
2023,3,7,8,True,1.7
2023,3,7,8,True,3.6
2023,3,8,3,True,2.5
2023,3,8,3,True,13.2
2023,3,0,0,True,0.0
2023,3,8,3,True,13.0
2023,3,8,3,True,8.3
2023,3,8,3,True,0.0
2023,3,7,18,True,0.4
2023,3,8,3,True,8.1
2023,3,0,0,True,25.8
2023,3,8,3,True,45.3
2023,3,0,0,True,29.3
2023,3,1,4,True,14.9
2023,3,8,3,True,8.6
2023,3,8,3,True,25.0
2023,3,0,0,True,17.6
2023,3,8,3,True,11.0
2023,3,0,0,True,1.2
2023,3,0,7,True,11.4
2023,3,8,3,True,23.3
2023,3,8,3,True,7.7
2023,3,8,16,True,40.7
2023,3,8,16,True,9.1
2023,3,0,0,True,15.3
2023,3,0,0,True,17.1
2023,3,2,12,True,29.4
2023,3,8,3,True,51.3
2023,3,2,12,True,3.0
2023,3,0,0,True,5.2
2023,3,8,3,True,33.0
2023,3,0,0,True,26.7
2023,3,0,0,True,12.3
2023,3,0,0,True,6.5
2023,3,0,0,True,3.0
2023,3,1,4,True,18.8
2023,3,7,8,True,28.5
2023,3,0,0,True,24.6
2023,3,0,0,True,61.4
2023,3,8,3,True,21.7
2023,3,0,0,True,10.7
2023,3,1,4,True,7.6
2023,3,2,11,True,29.1
2023,3,8,3,True,8.4
2023,3,0,0,True,25.8
2023,3,0,0,True,37.4
2023,3,8,3,True,31.3
2023,3,0,0,True,15.1
2023,3,8,3,True,18.8
2023,3,8,3,True,22.6
2023,3,8,3,True,22.4
2023,3,8,16,True,42.7
2023,3,8,3,True,18.4
2023,3,8,3,True,41.7
2023,3,8,3,True,10.0
2023,3,0,0,True,18.3
2023,3,8,16,True,42.1
2023,3,8,16,True,7.1
2023,3,0,0,True,11.1
2023,4,7,8,True,2.5
2023,4,7,8,True,3.7
2023,4,8,3,True,2.1
2023,4,8,3,True,12.3
2023,4,0,0,True,0.0
2023,4,8,3,True,11.6
2023,4,8,3,True,7.6
2023,4,8,3,True,0.0
2023,4,7,18,True,0.2
2023,4,8,3,True,7.6
2023,4,0,0,True,26.7
2023,4,8,3,True,42.4
2023,4,0,0,True,33.0
2023,4,1,4,True,14.4
2023,4,8,3,True,8.3
2023,4,8,3,True,22.7
2023,4,0,0,True,17.2
2023,4,8,3,True,10.3
2023,4,0,0,True,1.1
2023,4,0,7,True,14.3
2023,4,8,3,True,21.7
2023,4,8,3,True,5.7
2023,4,8,16,True,38.8
2023,4,8,16,True,8.9
2023,4,0,0,True,16.8
2023,4,0,0,True,17.1
2023,4,2,12,True,28.5
2023,4,8,3,True,48.2
2023,4,2,12,True,3.7
2023,4,0,0,True,5.5
2023,4,8,3,True,31.3
2023,4,0,0,True,29.2
2023,4,0,0,True,13.3
2023,4,0,0,True,6.6
2023,4,0,0,True,3.7
2023,4,1,4,True,16.3
2023,4,7,8,True,23.3
2023,4,0,0,True,26.7
2023,4,0,0,True,70.6
2023,4,8,3,True,19.4
2023,4,0,0,True,11.9
2023,4,1,4,True,7.3
2023,4,2,11,True,22.8
2023,4,8,3,True,7.5
2023,4,0,0,True,28.7
2023,4,0,0,True,39.3
2023,4,8,3,True,27.4
2023,4,0,0,True,14.3
2023,4,8,3,True,17.2
2023,4,8,3,True,20.5
2023,4,8,3,True,20.5
2023,4,8,16,True,35.8
2023,4,8,3,True,18.2
2023,4,8,3,True,38.0
2023,4,8,3,True,9.8
2023,4,0,0,True,17.7
2023,4,8,16,True,38.0
2023,4,8,16,True,6.8
2023,4,0,0,True,12.7
2023,5,7,8,True,3.5
2023,5,7,8,True,5.9
2023,5,8,3,True,2.9
2023,5,8,3,True,14.9
2023,5,0,0,True,0.0
2023,5,8,3,True,14.9
2023,5,8,3,True,9.1
2023,5,8,3,True,0.0
2023,5,7,18,True,0.4
2023,5,8,3,True,8.9
2023,5,0,0,True,23.0
2023,5,8,3,True,51.7
2023,5,0,0,True,30.4
2023,5,1,4,True,15.5
2023,5,8,3,True,10.6
2023,5,8,3,True,25.3
2023,5,0,0,True,16.6
2023,5,8,3,True,10.6
2023,5,0,0,True,1.0
2023,5,0,7,True,12.6
2023,5,8,3,True,23.1
2023,5,8,3,True,7.9
2023,5,8,16,True,49.8
2023,5,8,16,True,11.9
2023,5,0,0,True,14.7
2023,5,0,0,True,15.4
2023,5,2,12,True,30.3
2023,5,8,3,True,53.5
2023,5,2,12,True,4.0
2023,5,0,0,True,5.3
2023,5,8,3,True,36.7
2023,5,0,0,True,27.6
2023,5,0,0,True,13.0
2023,5,0,0,True,6.5
2023,5,0,0,True,3.5
2023,5,1,4,True,17.8
2023,5,7,8,True,20.8
2023,5,0,0,True,24.9
2023,5,0,0,True,67.3
2023,5,8,3,True,21.6
2023,5,0,0,True,12.7
2023,5,1,4,True,7.5
2023,5,2,11,True,23.1
2023,5,8,3,True,8.2
2023,5,0,0,True,32.9
2023,5,0,0,True,43.1
2023,5,8,3,True,30.5
2023,5,0,0,True,13.4
2023,5,8,3,True,21.8
2023,5,8,3,True,22.7
2023,5,8,3,True,22.1
2023,5,8,16,True,46.4
2023,5,8,3,True,19.5
2023,5,8,3,True,42.5
2023,5,8,3,True,12.2
2023,5,0,0,True,19.3
2023,5,8,16,True,48.5
2023,5,8,16,True,8.8
2023,5,0,0,True,13.7
2023,5,0,0,True,0.5
2023,6,7,8,True,2.6
2023,6,7,8,True,5.5
2023,6,8,3,True,2.2
2023,6,8,3,True,14.7
2023,6,0,0,True,0.0
2023,6,8,3,True,15.3
2023,6,8,3,True,9.3
2023,6,8,3,True,0.0
2023,6,7,18,True,0.6
2023,6,8,3,True,9.2
2023,6,0,0,True,32.9
2023,6,8,3,True,43.2
2023,6,0,0,True,40.3
2023,6,1,4,True,17.7
2023,6,8,3,True,9.6
2023,6,8,3,True,26.5
2023,6,0,0,True,21.7
2023,6,8,3,True,11.2
2023,6,0,0,True,1.5
2023,6,0,7,True,14.6
2023,6,8,3,True,21.5
2023,6,8,3,True,7.0
2023,6,8,16,True,40.1
2023,6,8,16,True,10.1
2023,6,0,0,True,21.8
2023,6,0,0,True,20.3
2023,6,2,12,True,39.3
2023,6,8,3,True,55.6
2023,6,2,12,True,5.0
2023,6,0,0,True,7.0
2023,6,8,3,True,32.9
2023,6,0,0,True,37.0
2023,6,0,0,True,18.0
2023,6,0,0,True,7.9
2023,6,0,0,True,4.5
2023,6,1,4,True,19.4
2023,6,7,8,True,17.2
2023,6,0,0,True,28.0
2023,6,0,0,True,88.1
2023,6,8,3,True,21.4
2023,6,0,0,True,14.4
2023,6,1,4,True,8.1
2023,6,2,11,True,22.7
2023,6,8,3,True,8.2
2023,6,0,0,True,38.7
2023,6,0,0,True,44.2
2023,6,8,3,True,31.3
2023,6,0,0,True,19.9
2023,6,8,3,True,18.7
2023,6,8,3,True,23.4
2023,6,8,3,True,22.9
2023,6,8,16,True,35.8
2023,6,8,3,True,20.8
2023,6,8,3,True,41.8
2023,6,8,3,True,10.3
2023,6,0,0,True,20.0
2023,6,8,16,True,40.4
2023,6,8,16,True,7.9
2023,6,0,0,True,22.7
2023,6,0,0,True,6.3
2023,6,0,0,True,6.9
