anio,mes,region,prov,SOLAR,energia_gen
2011,1,CUYO,SAN JUAN,True,0.0
2011,2,CUYO,SAN JUAN,True,0.0
2011,3,CUYO,SAN JUAN,True,0.1
2011,4,CUYO,SAN JUAN,True,0.2
2011,5,CUYO,SAN JUAN,True,0.2
2011,6,CUYO,SAN JUAN,True,0.1
2011,7,CUYO,SAN JUAN,True,0.1
2011,8,CUYO,SAN JUAN,True,0.2
2011,9,CUYO,SAN JUAN,True,0.2
2011,10,CUYO,SAN JUAN,True,0.2
2011,11,CUYO,SAN JUAN,True,0.2
2011,12,CUYO,SAN JUAN,True,0.2
2012,1,CUYO,SAN JUAN,True,0.2
2012,2,CUYO,SAN JUAN,True,0.2
2012,3,CUYO,SAN JUAN,True,0.2
2012,4,CUYO,SAN JUAN,True,0.2
2012,5,CUYO,SAN JUAN,True,0.1
2012,5,CUYO,SAN JUAN,True,0.2
2012,5,CUYO,SAN JUAN,True,0.0
2012,5,CUYO,SAN JUAN,True,0.2
2012,6,CUYO,SAN JUAN,True,0.1
2012,6,CUYO,SAN JUAN,True,0.4
2012,6,CUYO,SAN JUAN,True,0.0
2012,6,CUYO,SAN JUAN,True,0.2
2012,7,CUYO,SAN JUAN,True,0.2
2012,7,CUYO,SAN JUAN,True,0.4
2012,7,CUYO,SAN JUAN,True,0.0
2012,7,CUYO,SAN JUAN,True,0.2
2012,8,CUYO,SAN JUAN,True,0.3
2012,8,CUYO,SAN JUAN,True,0.5
2012,8,CUYO,SAN JUAN,True,0.0
2012,8,CUYO,SAN JUAN,True,0.2
2012,9,CUYO,SAN JUAN,True,0.3
2012,9,CUYO,SAN JUAN,True,0.5
2012,9,CUYO,SAN JUAN,True,0.0
2012,9,CUYO,SAN JUAN,True,0.2
2012,10,CUYO,SAN JUAN,True,0.3
2012,10,CUYO,SAN JUAN,True,0.5
2012,10,CUYO,SAN JUAN,True,0.0
2012,10,CUYO,SAN JUAN,True,0.2
2012,11,CUYO,SAN JUAN,True,0.3
2012,11,CUYO,SAN JUAN,True,0.5
2012,11,CUYO,SAN JUAN,True,0.0
2012,11,CUYO,SAN JUAN,True,0.2
2012,12,CUYO,SAN JUAN,True,0.4
2012,12,CUYO,SAN JUAN,True,0.6
2012,12,CUYO,SAN JUAN,True,0.0
2012,12,CUYO,SAN JUAN,True,0.2
2013,1,CUYO,SAN JUAN,True,0.3
2013,1,CUYO,SAN JUAN,True,0.5
2013,1,CUYO,SAN JUAN,True,0.0
2013,1,CUYO,SAN JUAN,True,0.2
2013,2,CUYO,SAN JUAN,True,0.3
2013,2,CUYO,SAN JUAN,True,0.5
2013,2,CUYO,SAN JUAN,True,0.0
2013,2,CUYO,SAN JUAN,True,0.2
2013,3,CUYO,SAN JUAN,True,0.0
2013,3,CUYO,SAN JUAN,True,0.3
2013,3,CUYO,SAN JUAN,True,0.5
2013,3,CUYO,SAN JUAN,True,0.0
2013,3,CUYO,SAN JUAN,True,0.2
2013,4,CUYO,SAN JUAN,True,0.2
2013,4,CUYO,SAN JUAN,True,0.3
2013,4,CUYO,SAN JUAN,True,0.5
2013,4,CUYO,SAN JUAN,True,0.0
2013,4,CUYO,SAN JUAN,True,0.2
2013,5,CUYO,SAN JUAN,True,0.3
2013,5,CUYO,SAN JUAN,True,0.3
2013,5,CUYO,SAN JUAN,True,0.5
2013,5,CUYO,SAN JUAN,True,0.0
2013,5,CUYO,SAN JUAN,True,0.2
2013,6,CUYO,SAN JUAN,True,0.2
2013,6,CUYO,SAN JUAN,True,0.3
2013,6,CUYO,SAN JUAN,True,0.4
2013,6,CUYO,SAN JUAN,True,0.0
2013,6,CUYO,SAN JUAN,True,0.2
2013,7,CUYO,SAN JUAN,True,0.2
2013,7,CUYO,SAN JUAN,True,0.3
2013,7,CUYO,SAN JUAN,True,0.4
2013,7,CUYO,SAN JUAN,True,0.0
2013,7,CUYO,SAN JUAN,True,0.2
2013,8,CUYO,SAN JUAN,True,0.3
2013,8,CUYO,SAN JUAN,True,0.4
2013,8,CUYO,SAN JUAN,True,0.5
2013,8,CUYO,SAN JUAN,True,0.0
2013,8,CUYO,SAN JUAN,True,0.2
2013,9,CUYO,SAN JUAN,True,0.3
2013,9,CUYO,SAN JUAN,True,0.3
2013,9,CUYO,SAN JUAN,True,0.5
2013,9,CUYO,SAN JUAN,True,0.0
2013,9,CUYO,SAN JUAN,True,0.2
2013,10,CUYO,SAN JUAN,True,0.4
2013,10,CUYO,SAN JUAN,True,0.4
2013,10,CUYO,SAN JUAN,True,0.6
2013,10,CUYO,SAN JUAN,True,0.0
2013,10,CUYO,SAN JUAN,True,0.2
2013,11,CUYO,SAN JUAN,True,0.3
2013,11,CUYO,SAN JUAN,True,0.4
2013,11,CUYO,SAN JUAN,True,0.6
2013,11,CUYO,SAN JUAN,True,0.0
2013,11,CUYO,SAN JUAN,True,0.2
2013,12,CUYO,SAN JUAN,True,0.4
2013,12,CUYO,SAN JUAN,True,0.4
2013,12,CUYO,SAN JUAN,True,0.6
2013,12,CUYO,SAN JUAN,True,0.0
2013,12,CUYO,SAN JUAN,True,0.3
2014,1,CUYO,SAN JUAN,True,0.4
2014,1,CUYO,SAN JUAN,True,0.4
2014,1,CUYO,SAN JUAN,True,0.6
2014,1,CUYO,SAN JUAN,True,0.0
2014,1,CUYO,SAN JUAN,True,0.2
2014,2,CUYO,SAN JUAN,True,0.3
2014,2,CUYO,SAN JUAN,True,0.3
2014,2,CUYO,SAN JUAN,True,0.4
2014,2,CUYO,SAN JUAN,True,0.0
2014,2,CUYO,SAN JUAN,True,0.2
2014,3,CUYO,SAN JUAN,True,0.3
2014,3,CUYO,SAN JUAN,True,0.4
2014,3,CUYO,SAN JUAN,True,0.5
2014,3,CUYO,SAN JUAN,True,0.0
2014,3,CUYO,SAN JUAN,True,0.2
2014,4,CUYO,SAN JUAN,True,0.3
2014,4,CUYO,SAN JUAN,True,0.3
2014,4,CUYO,SAN JUAN,True,0.4
2014,4,CUYO,SAN JUAN,True,0.0
2014,4,CUYO,SAN JUAN,True,0.2
2014,5,CUYO,SAN JUAN,True,0.2
2014,5,CUYO,SAN JUAN,True,0.3
2014,5,CUYO,SAN JUAN,True,0.4
2014,5,CUYO,SAN JUAN,True,0.0
2014,5,CUYO,SAN JUAN,True,0.2
2014,6,CUYO,SAN JUAN,True,0.2
2014,6,CUYO,SAN JUAN,True,0.3
2014,6,CUYO,SAN JUAN,True,0.4
2014,6,CUYO,SAN JUAN,True,0.0
2014,6,CUYO,SAN JUAN,True,0.1
2014,7,CUYO,SAN JUAN,True,0.3
2014,7,CUYO,SAN JUAN,True,0.3
2014,7,CUYO,SAN JUAN,True,0.4
2014,7,CUYO,SAN JUAN,True,0.0
2014,7,CUYO,SAN JUAN,True,0.2
2014,8,CUYO,SAN JUAN,True,0.3
2014,8,CUYO,SAN JUAN,True,0.3
2014,8,CUYO,SAN JUAN,True,0.5
2014,8,CUYO,SAN JUAN,True,0.0
2014,8,CUYO,SAN JUAN,True,0.2
2014,9,CUYO,SAN JUAN,True,0.3
2014,9,CUYO,SAN JUAN,True,0.4
2014,9,CUYO,SAN JUAN,True,0.5
2014,9,CUYO,SAN JUAN,True,0.0
2014,9,CUYO,SAN JUAN,True,0.2
2014,10,CUYO,SAN JUAN,True,0.4
2014,10,CUYO,SAN JUAN,True,0.4
2014,10,CUYO,SAN JUAN,True,0.6
2014,10,CUYO,SAN JUAN,True,0.0
2014,10,CUYO,SAN JUAN,True,0.2
2014,11,CUYO,SAN JUAN,True,0.3
2014,11,CUYO,SAN JUAN,True,0.4
2014,11,CUYO,SAN JUAN,True,0.5
2014,11,CUYO,SAN JUAN,True,0.0
2014,11,CUYO,SAN JUAN,True,0.2
2014,12,CUYO,SAN JUAN,True,0.4
2014,12,CUYO,SAN JUAN,True,0.4
2014,12,CUYO,SAN JUAN,True,0.6
2014,12,CUYO,SAN JUAN,True,0.0
2014,12,CUYO,SAN JUAN,True,0.2
2015,1,CUYO,SAN JUAN,True,0.3
2015,1,CUYO,SAN JUAN,True,0.4
2015,1,CUYO,SAN JUAN,True,0.5
2015,1,CUYO,SAN JUAN,True,0.0
2015,1,CUYO,SAN JUAN,True,0.2
2015,2,CUYO,SAN JUAN,True,0.3
2015,2,CUYO,SAN JUAN,True,0.3
2015,2,CUYO,SAN JUAN,True,0.5
2015,2,CUYO,SAN JUAN,True,0.0
2015,2,CUYO,SAN JUAN,True,0.2
2015,3,CUYO,SAN JUAN,True,0.3
2015,3,CUYO,SAN JUAN,True,0.3
2015,3,CUYO,SAN JUAN,True,0.5
2015,3,CUYO,SAN JUAN,True,0.0
2015,3,CUYO,SAN JUAN,True,0.2
2015,4,CUYO,SAN JUAN,True,0.3
2015,4,CUYO,SAN JUAN,True,0.3
2015,4,CUYO,SAN JUAN,True,0.4
2015,4,CUYO,SAN JUAN,True,0.0
2015,4,CUYO,SAN JUAN,True,0.2
2015,5,CUYO,SAN JUAN,True,0.2
2015,5,CUYO,SAN JUAN,True,0.3
2015,5,CUYO,SAN JUAN,True,0.4
2015,5,CUYO,SAN JUAN,True,0.0
2015,5,CUYO,SAN JUAN,True,0.2
2015,6,CUYO,SAN JUAN,True,0.2
2015,6,CUYO,SAN JUAN,True,0.2
2015,6,CUYO,SAN JUAN,True,0.4
2015,6,CUYO,SAN JUAN,True,0.0
2015,6,CUYO,SAN JUAN,True,0.1
2015,7,CUYO,SAN JUAN,True,0.2
2015,7,CUYO,SAN JUAN,True,0.3
2015,7,CUYO,SAN JUAN,True,0.4
2015,7,CUYO,SAN JUAN,True,0.0
2015,7,CUYO,SAN JUAN,True,0.2
2015,8,CUYO,SAN JUAN,True,0.2
2015,8,CUYO,SAN JUAN,True,0.3
2015,8,CUYO,SAN JUAN,True,0.4
2015,8,CUYO,SAN JUAN,True,0.0
2015,8,CUYO,SAN JUAN,True,0.2
2015,9,CUYO,SAN JUAN,True,0.3
2015,9,CUYO,SAN JUAN,True,0.3
2015,9,CUYO,SAN JUAN,True,0.5
2015,9,CUYO,SAN JUAN,True,0.0
2015,9,CUYO,SAN JUAN,True,0.2
2015,10,CUYO,SAN JUAN,True,0.3
2015,10,CUYO,SAN JUAN,True,0.3
2015,10,CUYO,SAN JUAN,True,0.4
2015,10,CUYO,SAN JUAN,True,0.0
2015,10,CUYO,SAN JUAN,True,0.2
2015,11,CUYO,SAN JUAN,True,0.3
2015,11,CUYO,SAN JUAN,True,0.3
2015,11,CUYO,SAN JUAN,True,0.5
2015,11,CUYO,SAN JUAN,True,0.0
2015,11,CUYO,SAN JUAN,True,0.2
2015,12,CUYO,SAN JUAN,True,0.3
2015,12,CUYO,SAN JUAN,True,0.4
2015,12,CUYO,SAN JUAN,True,0.5
2015,12,CUYO,SAN JUAN,True,0.0
2015,12,CUYO,SAN JUAN,True,0.2
2016,1,CUYO,SAN JUAN,True,0.3
2016,1,CUYO,SAN JUAN,True,0.3
2016,1,CUYO,SAN JUAN,True,0.5
2016,1,CUYO,SAN JUAN,True,0.0
2016,1,CUYO,SAN JUAN,True,0.2
2016,2,CUYO,SAN JUAN,True,0.3
2016,2,CUYO,SAN JUAN,True,0.3
2016,2,CUYO,SAN JUAN,True,0.5
2016,2,CUYO,SAN JUAN,True,0.0
2016,2,CUYO,SAN JUAN,True,0.2
2016,3,CUYO,SAN JUAN,True,0.3
2016,3,CUYO,SAN JUAN,True,0.3
2016,3,CUYO,SAN JUAN,True,0.5
2016,3,CUYO,SAN JUAN,True,0.0
2016,3,CUYO,SAN JUAN,True,0.2
2016,4,CUYO,SAN JUAN,True,0.2
2016,4,CUYO,SAN JUAN,True,0.2
2016,4,CUYO,SAN JUAN,True,0.3
2016,4,CUYO,SAN JUAN,True,0.0
2016,4,CUYO,SAN JUAN,True,0.1
2016,5,CUYO,SAN JUAN,True,0.1
2016,5,CUYO,SAN JUAN,True,0.1
2016,5,CUYO,SAN JUAN,True,0.2
2016,5,CUYO,SAN JUAN,True,0.0
2016,5,CUYO,SAN JUAN,True,0.1
2016,6,CUYO,SAN JUAN,True,0.2
2016,6,CUYO,SAN JUAN,True,0.2
2016,6,CUYO,SAN JUAN,True,0.3
2016,6,CUYO,SAN JUAN,True,0.0
2016,6,CUYO,SAN JUAN,True,0.1
2016,7,CUYO,SAN JUAN,True,0.3
2016,7,CUYO,SAN JUAN,True,0.3
2016,7,CUYO,SAN JUAN,True,0.4
2016,7,CUYO,SAN JUAN,True,0.0
2016,7,CUYO,SAN JUAN,True,0.2
2016,8,CUYO,SAN JUAN,True,0.3
2016,8,CUYO,SAN JUAN,True,0.3
2016,8,CUYO,SAN JUAN,True,0.5
2016,8,CUYO,SAN JUAN,True,0.0
2016,8,CUYO,SAN JUAN,True,0.2
2016,9,CUYO,SAN JUAN,True,0.3
2016,9,CUYO,SAN JUAN,True,0.3
2016,9,CUYO,SAN JUAN,True,0.5
2016,9,CUYO,SAN JUAN,True,0.0
2016,9,CUYO,SAN JUAN,True,0.2
2016,10,CUYO,SAN JUAN,True,0.3
2016,10,CUYO,SAN JUAN,True,0.4
2016,10,CUYO,SAN JUAN,True,0.5
2016,10,CUYO,SAN JUAN,True,0.0
2016,10,CUYO,SAN JUAN,True,0.2
2016,11,CUYO,SAN JUAN,True,0.3
2016,11,CUYO,SAN JUAN,True,0.4
2016,11,CUYO,SAN JUAN,True,0.5
2016,11,CUYO,SAN JUAN,True,0.0
2016,11,CUYO,SAN JUAN,True,0.2
2016,12,CUYO,SAN JUAN,True,0.3
2016,12,CUYO,SAN JUAN,True,0.4
2016,12,CUYO,SAN JUAN,True,0.5
2016,12,CUYO,SAN JUAN,True,0.0
2016,12,CUYO,SAN JUAN,True,0.2
2017,1,CUYO,SAN JUAN,True,0.4
2017,1,CUYO,SAN JUAN,True,0.4
2017,1,CUYO,SAN JUAN,True,0.5
2017,1,CUYO,SAN JUAN,True,0.0
2017,1,CUYO,SAN JUAN,True,0.2
2017,2,CUYO,SAN JUAN,True,0.3
2017,2,CUYO,SAN JUAN,True,0.3
2017,2,CUYO,SAN JUAN,True,0.4
2017,2,CUYO,SAN JUAN,True,0.0
2017,2,CUYO,SAN JUAN,True,0.2
2017,3,CUYO,SAN JUAN,True,0.3
2017,3,CUYO,SAN JUAN,True,0.4
2017,3,CUYO,SAN JUAN,True,0.5
2017,3,CUYO,SAN JUAN,True,0.0
2017,3,CUYO,SAN JUAN,True,0.2
2017,4,CUYO,SAN JUAN,True,0.3
2017,4,CUYO,SAN JUAN,True,0.3
2017,4,CUYO,SAN JUAN,True,0.4
2017,4,CUYO,SAN JUAN,True,0.0
2017,4,CUYO,SAN JUAN,True,0.2
2017,5,CUYO,SAN JUAN,True,0.3
2017,5,CUYO,SAN JUAN,True,0.3
2017,5,CUYO,SAN JUAN,True,0.4
2017,5,CUYO,SAN JUAN,True,0.0
2017,5,CUYO,SAN JUAN,True,0.1
2017,6,CUYO,SAN JUAN,True,0.3
2017,6,CUYO,SAN JUAN,True,0.3
2017,6,CUYO,SAN JUAN,True,0.4
2017,6,CUYO,SAN JUAN,True,0.0
2017,6,CUYO,SAN JUAN,True,0.2
2017,7,CUYO,SAN JUAN,True,0.3
2017,7,CUYO,SAN JUAN,True,0.3
2017,7,CUYO,SAN JUAN,True,0.4
2017,7,CUYO,SAN JUAN,True,0.0
2017,7,CUYO,SAN JUAN,True,0.2
2017,8,CUYO,SAN JUAN,True,0.3
2017,8,CUYO,SAN JUAN,True,0.3
2017,8,CUYO,SAN JUAN,True,0.5
2017,8,CUYO,SAN JUAN,True,0.0
2017,8,CUYO,SAN JUAN,True,0.2
2017,9,CUYO,SAN JUAN,True,0.4
2017,9,CUYO,SAN JUAN,True,0.3
2017,9,CUYO,SAN JUAN,True,0.5
2017,9,CUYO,SAN JUAN,True,0.0
2017,9,CUYO,SAN JUAN,True,0.2
2017,10,CUYO,SAN JUAN,True,0.4
2017,10,CUYO,SAN JUAN,True,0.4
2017,10,CUYO,SAN JUAN,True,0.6
2017,10,CUYO,SAN JUAN,True,0.0
2017,10,CUYO,SAN JUAN,True,0.2
2017,11,CUYO,SAN JUAN,True,0.4
2017,11,CUYO,SAN JUAN,True,0.4
2017,11,CUYO,SAN JUAN,True,0.6
2017,11,CUYO,SAN JUAN,True,0.0
2017,11,CUYO,SAN JUAN,True,0.3
2017,12,CUYO,SAN JUAN,True,0.4
2017,12,CUYO,SAN JUAN,True,0.4
2017,12,CUYO,SAN JUAN,True,0.6
2017,12,CUYO,SAN JUAN,True,0.0
2017,12,CUYO,SAN JUAN,True,0.3
2018,1,CUYO,SAN JUAN,True,0.4
2018,1,CUYO,SAN JUAN,True,0.4
2018,1,CUYO,SAN JUAN,True,0.6
2018,1,CUYO,SAN JUAN,True,0.0
2018,1,CUYO,SAN JUAN,True,0.3
2018,2,CUYO,SAN JUAN,True,0.3
2018,2,CUYO,SAN JUAN,True,0.3
2018,2,CUYO,SAN JUAN,True,0.5
2018,2,CUYO,SAN JUAN,True,0.0
2018,2,CUYO,SAN JUAN,True,0.3
2018,3,CUYO,SAN JUAN,True,0.5
2018,3,CUYO,SAN JUAN,True,0.5
2018,3,CUYO,SAN JUAN,True,0.7
2018,3,CUYO,SAN JUAN,True,0.0
2018,3,CUYO,SAN JUAN,True,0.3
2018,4,CUYO,SAN JUAN,True,0.4
2018,4,CUYO,SAN JUAN,True,0.4
2018,4,CUYO,SAN JUAN,True,0.6
2018,4,CUYO,SAN JUAN,True,0.0
2018,4,CUYO,SAN JUAN,True,0.3
2018,5,CUYO,SAN JUAN,True,0.3
2018,5,CUYO,SAN JUAN,True,0.3
2018,5,CUYO,SAN JUAN,True,0.4
2018,5,CUYO,SAN JUAN,True,0.0
2018,5,CUYO,SAN JUAN,True,0.1
2018,5,CUYO,SAN JUAN,True,0.1
2018,6,CUYO,SAN JUAN,True,0.3
2018,6,CUYO,SAN JUAN,True,0.3
2018,6,CUYO,SAN JUAN,True,0.4
2018,6,CUYO,SAN JUAN,True,0.0
2018,6,CUYO,SAN JUAN,True,0.1
2018,6,CUYO,SAN JUAN,True,0.1
2018,7,CENTRO,SAN LUIS,True,1.9
2018,7,CUYO,SAN JUAN,True,0.3
2018,7,CUYO,SAN JUAN,True,0.3
2018,7,CUYO,SAN JUAN,True,0.4
2018,7,CUYO,SAN JUAN,True,0.0
2018,7,CUYO,SAN JUAN,True,0.1
2018,7,CUYO,SAN JUAN,True,0.1
2018,8,CENTRO,SAN LUIS,True,4.3
2018,8,CUYO,SAN JUAN,True,0.4
2018,8,CENTRO,SAN LUIS,True,1.3
2018,8,CUYO,SAN JUAN,True,0.4
2018,8,CUYO,SAN JUAN,True,0.6
2018,8,CUYO,SAN JUAN,True,0.0
2018,8,CUYO,SAN JUAN,True,0.1
2018,8,CUYO,SAN JUAN,True,0.1
2018,8,CUYO,SAN JUAN,True,0.2
2018,9,CENTRO,SAN LUIS,True,4.9
2018,9,NOROESTE,LA RIOJA,True,0.0
2018,9,CUYO,SAN JUAN,True,0.4
2018,9,CENTRO,SAN LUIS,True,4.1
2018,9,CUYO,SAN JUAN,True,0.5
2018,9,CUYO,SAN JUAN,True,0.6
2018,9,CUYO,SAN JUAN,True,0.0
2018,9,CUYO,SAN JUAN,True,0.3
2018,9,CUYO,SAN JUAN,True,0.1
2018,9,CUYO,SAN JUAN,True,0.2
2018,10,CENTRO,SAN LUIS,True,5.3
2018,10,NOROESTE,LA RIOJA,True,0.2
2018,10,CUYO,SAN JUAN,True,0.5
2018,10,CENTRO,SAN LUIS,True,4.6
2018,10,CUYO,SAN JUAN,True,0.5
2018,10,CUYO,SAN JUAN,True,0.6
2018,10,CUYO,SAN JUAN,True,0.0
2018,10,CUYO,SAN JUAN,True,0.3
2018,10,NOROESTE,LA RIOJA,True,2.0
2018,10,CUYO,SAN JUAN,True,0.1
2018,10,CUYO,SAN JUAN,True,0.2
2018,11,CENTRO,SAN LUIS,True,6.8
2018,11,NOROESTE,LA RIOJA,True,0.1
2018,11,CUYO,SAN JUAN,True,0.5
2018,11,CENTRO,SAN LUIS,True,5.3
2018,11,CUYO,SAN JUAN,True,0.5
2018,11,CUYO,SAN JUAN,True,0.6
2018,11,CUYO,SAN JUAN,True,0.0
2018,11,CUYO,SAN JUAN,True,0.3
2018,11,NOROESTE,LA RIOJA,True,6.0
2018,11,NOROESTE,CATAMARCA,True,3.5
2018,11,CUYO,SAN JUAN,True,0.1
2018,11,CUYO,SAN JUAN,True,0.2
2018,11,CUYO,SAN JUAN,True,0.0
2018,11,CUYO,SAN JUAN,True,0.0
2018,12,CENTRO,SAN LUIS,True,7.1
2018,12,NOROESTE,LA RIOJA,True,0.2
2018,12,CUYO,SAN JUAN,True,0.5
2018,12,CENTRO,SAN LUIS,True,6.4
2018,12,CUYO,SAN JUAN,True,0.5
2018,12,CUYO,SAN JUAN,True,0.7
2018,12,CUYO,SAN JUAN,True,0.0
2018,12,CUYO,SAN JUAN,True,0.3
2018,12,NOROESTE,LA RIOJA,True,7.1
2018,12,NOROESTE,CATAMARCA,True,5.3
2018,12,CUYO,SAN JUAN,True,0.1
2018,12,CUYO,SAN JUAN,True,0.2
2018,12,CUYO,SAN JUAN,True,2.6
2018,12,CUYO,SAN JUAN,True,4.1
2018,12,CUYO,SAN JUAN,True,4.1
2019,1,CENTRO,SAN LUIS,True,6.5
2019,1,NOROESTE,LA RIOJA,True,0.3
2019,1,CUYO,SAN JUAN,True,0.5
2019,1,CENTRO,SAN LUIS,True,5.7
2019,1,CUYO,SAN JUAN,True,0.5
2019,1,CUYO,SAN JUAN,True,0.6
2019,1,CUYO,SAN JUAN,True,0.0
2019,1,CUYO,SAN JUAN,True,0.1
2019,1,CUYO,SAN JUAN,True,0.3
2019,1,NOROESTE,LA RIOJA,True,6.1
2019,1,NOROESTE,CATAMARCA,True,5.4
2019,1,CUYO,SAN JUAN,True,0.1
2019,1,CUYO,SAN JUAN,True,0.2
2019,1,CUYO,SAN JUAN,True,5.3
2019,1,CUYO,SAN JUAN,True,4.7
2019,1,CUYO,SAN JUAN,True,4.3
2019,2,CENTRO,SAN LUIS,True,5.6
2019,2,NOROESTE,LA RIOJA,True,0.3
2019,2,CUYO,SAN JUAN,True,0.3
2019,2,CENTRO,SAN LUIS,True,0.7
2019,2,CENTRO,SAN LUIS,True,4.9
2019,2,CUYO,SAN JUAN,True,0.4
2019,2,CUYO,SAN JUAN,True,0.6
2019,2,CUYO,SAN JUAN,True,0.0
2019,2,CUYO,SAN JUAN,True,6.6
2019,2,NOROESTE,LA RIOJA,True,0.2
2019,2,CUYO,SAN JUAN,True,0.2
2019,2,NOROESTE,LA RIOJA,True,4.0
2019,2,NOROESTE,CATAMARCA,True,4.4
2019,2,CUYO,SAN JUAN,True,0.1
2019,2,CUYO,SAN JUAN,True,0.2
2019,2,CUYO,SAN JUAN,True,6.4
2019,2,CUYO,SAN JUAN,True,4.1
2019,2,CUYO,SAN JUAN,True,5.1
2019,3,CENTRO,SAN LUIS,True,4.3
2019,3,NOROESTE,LA RIOJA,True,0.2
2019,3,CUYO,SAN JUAN,True,0.4
2019,3,CENTRO,SAN LUIS,True,0.7
2019,3,CENTRO,SAN LUIS,True,4.2
2019,3,CUYO,SAN JUAN,True,0.4
2019,3,CUYO,SAN JUAN,True,0.6
2019,3,CUYO,SAN JUAN,True,0.0
2019,3,CUYO,SAN JUAN,True,12.9
2019,3,NOROESTE,LA RIOJA,True,1.1
2019,3,CUYO,SAN JUAN,True,0.3
2019,3,NOROESTE,LA RIOJA,True,3.7
2019,3,NOROESTE,CATAMARCA,True,4.0
2019,3,CUYO,SAN JUAN,True,0.1
2019,3,CUYO,SAN JUAN,True,0.2
2019,3,NOROESTE,CATAMARCA,True,0.0
2019,3,NOROESTE,CATAMARCA,True,0.1
2019,3,CUYO,SAN JUAN,True,7.0
2019,3,CUYO,SAN JUAN,True,5.4
2019,3,CUYO,SAN JUAN,True,5.5
2019,4,CENTRO,SAN LUIS,True,4.1
2019,4,NOROESTE,LA RIOJA,True,0.2
2019,4,CUYO,SAN JUAN,True,0.4
2019,4,CENTRO,SAN LUIS,True,0.6
2019,4,CENTRO,SAN LUIS,True,4.0
2019,4,CUYO,SAN JUAN,True,0.4
2019,4,CUYO,SAN JUAN,True,0.5
2019,4,CUYO,SAN JUAN,True,0.0
2019,4,CUYO,SAN JUAN,True,14.2
2019,4,NOROESTE,LA RIOJA,True,1.1
2019,4,CUYO,SAN JUAN,True,0.3
2019,4,NOROESTE,LA RIOJA,True,3.0
2019,4,NOROESTE,CATAMARCA,True,3.7
2019,4,CUYO,SAN JUAN,True,0.1
2019,4,CUYO,SAN JUAN,True,0.2
2019,4,NOROESTE,CATAMARCA,True,0.9
2019,4,NOROESTE,CATAMARCA,True,2.0
2019,4,CUYO,SAN JUAN,True,5.8
2019,4,CUYO,SAN JUAN,True,4.4
2019,4,CUYO,SAN JUAN,True,4.6
2019,5,CENTRO,SAN LUIS,True,2.8
2019,5,NOROESTE,LA RIOJA,True,0.2
2019,5,CUYO,SAN JUAN,True,0.3
2019,5,CENTRO,SAN LUIS,True,0.4
2019,5,CENTRO,SAN LUIS,True,2.6
2019,5,CUYO,SAN JUAN,True,0.3
2019,5,CUYO,SAN JUAN,True,0.4
2019,5,CUYO,SAN JUAN,True,0.0
2019,5,CUYO,SAN JUAN,True,12.0
2019,5,NOROESTE,LA RIOJA,True,1.2
2019,5,CUYO,SAN JUAN,True,0.2
2019,5,NOROESTE,LA RIOJA,True,4.4
2019,5,NOROESTE,CATAMARCA,True,3.1
2019,5,CUYO,SAN JUAN,True,0.1
2019,5,CUYO,SAN JUAN,True,0.1
2019,5,NOROESTE,CATAMARCA,True,1.0
2019,5,NOROESTE,CATAMARCA,True,2.2
2019,5,CUYO,SAN JUAN,True,4.1
2019,5,CUYO,SAN JUAN,True,0.0
2019,5,CUYO,SAN JUAN,True,3.2
2019,5,CUYO,SAN JUAN,True,3.3
2019,6,NOROESTE,SALTA,True,0.9
2019,6,CENTRO,SAN LUIS,True,2.9
2019,6,NOROESTE,LA RIOJA,True,0.2
2019,6,CUYO,SAN JUAN,True,0.3
2019,6,CENTRO,SAN LUIS,True,0.4
2019,6,CENTRO,SAN LUIS,True,2.7
2019,6,CUYO,SAN JUAN,True,0.3
2019,6,CUYO,SAN JUAN,True,0.5
2019,6,CUYO,SAN JUAN,True,0.0
2019,6,CUYO,SAN JUAN,True,10.6
2019,6,NOROESTE,LA RIOJA,True,1.2
2019,6,CUYO,SAN JUAN,True,0.2
2019,6,NOROESTE,LA RIOJA,True,4.1
2019,6,NOROESTE,CATAMARCA,True,2.8
2019,6,CUYO,SAN JUAN,True,0.1
2019,6,CUYO,SAN JUAN,True,0.1
2019,6,NOROESTE,CATAMARCA,True,0.9
2019,6,NOROESTE,CATAMARCA,True,2.0
2019,6,CUYO,SAN JUAN,True,3.8
2019,6,CUYO,SAN JUAN,True,0.6
2019,6,CUYO,SAN JUAN,True,3.1
2019,6,CUYO,SAN JUAN,True,3.0
2019,7,NOROESTE,SALTA,True,9.5
2019,7,CENTRO,SAN LUIS,True,2.9
2019,7,NOROESTE,LA RIOJA,True,0.2
2019,7,CUYO,SAN JUAN,True,0.3
2019,7,CENTRO,SAN LUIS,True,0.5
2019,7,CENTRO,SAN LUIS,True,3.0
2019,7,CUYO,SAN JUAN,True,0.3
2019,7,CUYO,SAN JUAN,True,0.5
2019,7,CUYO,SAN JUAN,True,0.0
2019,7,CUYO,SAN JUAN,True,12.5
2019,7,NOROESTE,LA RIOJA,True,1.3
2019,7,CUYO,SAN JUAN,True,0.2
2019,7,NOROESTE,LA RIOJA,True,4.8
2019,7,CUYO,MENDOZA,True,0.0
2019,7,NOROESTE,CATAMARCA,True,3.3
2019,7,CUYO,SAN JUAN,True,0.1
2019,7,CUYO,SAN JUAN,True,0.1
2019,7,NOROESTE,CATAMARCA,True,1.0
2019,7,NOROESTE,CATAMARCA,True,2.1
2019,7,CUYO,SAN JUAN,True,0.5
2019,7,CUYO,SAN JUAN,True,3.6
2019,7,CUYO,SAN JUAN,True,1.1
2019,7,CUYO,SAN JUAN,True,3.1
2019,7,CUYO,SAN JUAN,True,3.1
2019,8,NOROESTE,SALTA,True,5.2
2019,8,CENTRO,SAN LUIS,True,4.1
2019,8,NOROESTE,LA RIOJA,True,0.3
2019,8,CUYO,SAN JUAN,True,0.4
2019,8,CENTRO,SAN LUIS,True,0.7
2019,8,CENTRO,SAN LUIS,True,4.1
2019,8,CUYO,SAN JUAN,True,0.4
2019,8,CUYO,SAN JUAN,True,0.6
2019,8,CUYO,SAN JUAN,True,0.0
2019,8,CUYO,SAN JUAN,True,16.9
2019,8,NOROESTE,LA RIOJA,True,2.1
2019,8,CUYO,SAN JUAN,True,0.3
2019,8,NOROESTE,LA RIOJA,True,6.1
2019,8,CUYO,MENDOZA,True,0.2
2019,8,NOROESTE,CATAMARCA,True,4.0
2019,8,CUYO,SAN JUAN,True,0.1
2019,8,CUYO,SAN JUAN,True,0.2
2019,8,NOROESTE,CATAMARCA,True,1.4
2019,8,NOROESTE,CATAMARCA,True,2.9
2019,8,CUYO,SAN JUAN,True,0.8
2019,8,CUYO,SAN JUAN,True,5.6
2019,8,CUYO,SAN JUAN,True,1.5
2019,8,CUYO,SAN JUAN,True,4.6
2019,8,CUYO,SAN JUAN,True,4.6
2019,9,NOROESTE,SALTA,True,11.9
2019,9,CENTRO,SAN LUIS,True,5.3
2019,9,NOROESTE,LA RIOJA,True,0.3
2019,9,CUYO,SAN JUAN,True,0.5
2019,9,CENTRO,SAN LUIS,True,0.9
2019,9,CENTRO,SAN LUIS,True,0.9
2019,9,CENTRO,SAN LUIS,True,5.3
2019,9,NOROESTE,CATAMARCA,True,1.0
2019,9,CUYO,SAN JUAN,True,0.5
2019,9,CUYO,SAN JUAN,True,0.6
2019,9,CUYO,SAN JUAN,True,0.0
2019,9,CUYO,SAN JUAN,True,18.4
2019,9,NOROESTE,LA RIOJA,True,2.5
2019,9,CUYO,SAN JUAN,True,0.4
2019,9,NOROESTE,LA RIOJA,True,6.8
2019,9,CUYO,MENDOZA,True,0.2
2019,9,NOROESTE,CATAMARCA,True,3.8
2019,9,CUYO,SAN JUAN,True,0.1
2019,9,CUYO,SAN JUAN,True,0.2
2019,9,NOROESTE,CATAMARCA,True,1.5
2019,9,NOROESTE,CATAMARCA,True,3.2
2019,9,CUYO,SAN JUAN,True,1.0
2019,9,CUYO,SAN JUAN,True,7.1
2019,9,CUYO,SAN JUAN,True,2.1
2019,9,CUYO,SAN JUAN,True,5.6
2019,9,CUYO,SAN JUAN,True,5.7
2019,10,NOROESTE,SALTA,True,18.2
2019,10,CENTRO,SAN LUIS,True,5.7
2019,10,NOROESTE,LA RIOJA,True,0.3
2019,10,CUYO,SAN JUAN,True,0.5
2019,10,CENTRO,SAN LUIS,True,0.9
2019,10,CENTRO,SAN LUIS,True,0.7
2019,10,CENTRO,SAN LUIS,True,5.5
2019,10,NOROESTE,CATAMARCA,True,2.2
2019,10,CUYO,SAN JUAN,True,0.5
2019,10,CUYO,SAN JUAN,True,0.6
2019,10,CUYO,SAN JUAN,True,0.0
2019,10,CUYO,SAN JUAN,True,15.5
2019,10,NOROESTE,LA RIOJA,True,2.7
2019,10,CUYO,SAN JUAN,True,0.5
2019,10,NOROESTE,LA RIOJA,True,8.1
2019,10,CUYO,MENDOZA,True,0.2
2019,10,NOROESTE,CATAMARCA,True,4.8
2019,10,CUYO,SAN JUAN,True,0.1
2019,10,CUYO,SAN JUAN,True,0.2
2019,10,NOROESTE,CATAMARCA,True,1.4
2019,10,NOROESTE,CATAMARCA,True,3.6
2019,10,CUYO,SAN JUAN,True,1.3
2019,10,CUYO,SAN JUAN,True,8.0
2019,10,CUYO,SAN JUAN,True,2.6
2019,10,CUYO,SAN JUAN,True,6.1
2019,10,CUYO,SAN JUAN,True,6.3
2019,11,NOROESTE,SALTA,True,17.8
2019,11,CENTRO,SAN LUIS,True,6.6
2019,11,NOROESTE,LA RIOJA,True,0.3
2019,11,CUYO,SAN JUAN,True,0.5
2019,11,CENTRO,SAN LUIS,True,0.9
2019,11,CENTRO,SAN LUIS,True,0.0
2019,11,CENTRO,SAN LUIS,True,6.2
2019,11,NOROESTE,CATAMARCA,True,2.9
2019,11,CUYO,SAN JUAN,True,0.5
2019,11,CUYO,SAN JUAN,True,0.7
2019,11,CUYO,SAN JUAN,True,0.0
2019,11,CUYO,SAN JUAN,True,21.7
2019,11,NOROESTE,LA RIOJA,True,2.8
2019,11,CUYO,SAN JUAN,True,0.5
2019,11,NOROESTE,LA RIOJA,True,9.0
2019,11,CUYO,MENDOZA,True,0.3
2019,11,NOROESTE,CATAMARCA,True,5.9
2019,11,CUYO,SAN JUAN,True,0.1
2019,11,CUYO,SAN JUAN,True,0.2
2019,11,NOROESTE,CATAMARCA,True,1.4
2019,11,NOROESTE,CATAMARCA,True,3.8
2019,11,CUYO,SAN JUAN,True,1.5
2019,11,CUYO,SAN JUAN,True,8.9
2019,11,CUYO,SAN JUAN,True,3.4
2019,11,CUYO,SAN JUAN,True,6.7
2019,11,CUYO,SAN JUAN,True,6.8
2019,12,NOROESTE,SALTA,True,17.6
2019,12,CENTRO,SAN LUIS,True,7.5
2019,12,NOROESTE,LA RIOJA,True,0.3
2019,12,CUYO,SAN JUAN,True,0.5
2019,12,CENTRO,SAN LUIS,True,0.9
2019,12,CENTRO,SAN LUIS,True,0.7
2019,12,CENTRO,SAN LUIS,True,7.0
2019,12,NOROESTE,CATAMARCA,True,3.2
2019,12,CUYO,SAN JUAN,True,0.5
2019,12,CUYO,SAN JUAN,True,0.6
2019,12,CUYO,SAN JUAN,True,0.0
2019,12,CUYO,SAN JUAN,True,23.5
2019,12,NOROESTE,LA RIOJA,True,3.9
2019,12,CUYO,SAN JUAN,True,0.5
2019,12,NOROESTE,LA RIOJA,True,9.3
2019,12,CUYO,MENDOZA,True,0.4
2019,12,NOROESTE,CATAMARCA,True,6.1
2019,12,CUYO,SAN JUAN,True,0.1
2019,12,CUYO,SAN JUAN,True,0.2
2019,12,CENTRO,SAN LUIS,True,0.6
2019,12,NOROESTE,CATAMARCA,True,1.4
2019,12,NOROESTE,CATAMARCA,True,3.8
2019,12,CENTRO,SAN LUIS,True,0.1
2019,12,CUYO,SAN JUAN,True,1.9
2019,12,CUYO,SAN JUAN,True,9.4
2019,12,CUYO,SAN JUAN,True,3.9
2019,12,CUYO,SAN JUAN,True,7.1
2019,12,CUYO,SAN JUAN,True,7.3
2020,1,NOROESTE,SALTA,True,10.9
2020,1,CENTRO,SAN LUIS,True,7.0
2020,1,NOROESTE,LA RIOJA,True,0.3
2020,1,CUYO,SAN JUAN,True,0.5
2020,1,CENTRO,SAN LUIS,True,0.9
2020,1,CENTRO,SAN LUIS,True,0.9
2020,1,CENTRO,SAN LUIS,True,6.5
2020,1,CUYO,SAN JUAN,True,0.3
2020,1,NOROESTE,CATAMARCA,True,2.2
2020,1,CUYO,SAN JUAN,True,0.5
2020,1,CUYO,SAN JUAN,True,0.6
2020,1,CUYO,SAN JUAN,True,0.0
2020,1,CUYO,SAN JUAN,True,21.5
2020,1,NOROESTE,LA RIOJA,True,3.7
2020,1,CUYO,SAN JUAN,True,0.5
2020,1,NOROESTE,LA RIOJA,True,8.5
2020,1,CUYO,MENDOZA,True,0.3
2020,1,CUYO,MENDOZA,True,0.7
2020,1,NOROESTE,CATAMARCA,True,6.0
2020,1,CUYO,SAN JUAN,True,0.1
2020,1,CUYO,SAN JUAN,True,0.2
2020,1,CENTRO,SAN LUIS,True,0.8
2020,1,NOROESTE,CATAMARCA,True,1.7
2020,1,NOROESTE,CATAMARCA,True,3.6
2020,1,CENTRO,SAN LUIS,True,0.1
2020,1,CUYO,SAN JUAN,True,1.9
2020,1,CUYO,SAN JUAN,True,8.9
2020,1,CUYO,SAN JUAN,True,3.9
2020,1,CUYO,SAN JUAN,True,6.9
2020,1,CUYO,SAN JUAN,True,7.0
2020,2,CUYO,SAN JUAN,True,0.1
2020,2,NOROESTE,SALTA,True,0.0
2020,2,CENTRO,SAN LUIS,True,5.9
2020,2,NOROESTE,LA RIOJA,True,0.2
2020,2,CUYO,SAN JUAN,True,0.4
2020,2,CENTRO,SAN LUIS,True,0.8
2020,2,CENTRO,SAN LUIS,True,0.9
2020,2,CENTRO,SAN LUIS,True,5.4
2020,2,CUYO,SAN JUAN,True,0.5
2020,2,NOROESTE,CATAMARCA,True,2.6
2020,2,CUYO,SAN JUAN,True,0.4
2020,2,CUYO,SAN JUAN,True,0.5
2020,2,CUYO,SAN JUAN,True,0.0
2020,2,CUYO,SAN JUAN,True,20.7
2020,2,NOROESTE,LA RIOJA,True,3.6
2020,2,CUYO,SAN JUAN,True,0.4
2020,2,NOROESTE,LA RIOJA,True,6.6
2020,2,CUYO,MENDOZA,True,0.3
2020,2,CUYO,MENDOZA,True,1.1
2020,2,NOROESTE,CATAMARCA,True,4.7
2020,2,CUYO,SAN JUAN,True,0.1
2020,2,CUYO,SAN JUAN,True,0.2
2020,2,CENTRO,SAN LUIS,True,0.7
2020,2,NOROESTE,CATAMARCA,True,1.3
2020,2,NOROESTE,CATAMARCA,True,2.9
2020,2,CENTRO,SAN LUIS,True,0.1
2020,2,CUYO,SAN JUAN,True,1.5
2020,2,CUYO,SAN JUAN,True,7.6
2020,2,CUYO,SAN JUAN,True,3.1
2020,2,CUYO,SAN JUAN,True,5.8
2020,2,CUYO,SAN JUAN,True,6.0
2020,3,CUYO,SAN JUAN,True,0.5
2020,3,NOROESTE,SALTA,True,16.0
2020,3,CENTRO,SAN LUIS,True,5.2
2020,3,NOROESTE,LA RIOJA,True,0.3
2020,3,CUYO,SAN JUAN,True,0.5
2020,3,CENTRO,SAN LUIS,True,0.8
2020,3,CENTRO,SAN LUIS,True,0.8
2020,3,CENTRO,SAN LUIS,True,5.0
2020,3,CUYO,SAN JUAN,True,0.5
2020,3,NOROESTE,CATAMARCA,True,2.5
2020,3,CUYO,SAN JUAN,True,0.5
2020,3,CUYO,SAN JUAN,True,0.6
2020,3,CUYO,SAN JUAN,True,0.0
2020,3,CUYO,SAN JUAN,True,18.7
2020,3,NOROESTE,LA RIOJA,True,3.4
2020,3,CUYO,SAN JUAN,True,0.4
2020,3,NOROESTE,LA RIOJA,True,7.4
2020,3,CUYO,MENDOZA,True,0.3
2020,3,CUYO,MENDOZA,True,1.2
2020,3,NOROESTE,CATAMARCA,True,5.1
2020,3,CUYO,SAN JUAN,True,0.1
2020,3,CUYO,SAN JUAN,True,0.2
2020,3,CENTRO,SAN LUIS,True,0.8
2020,3,NOROESTE,CATAMARCA,True,1.5
2020,3,NOROESTE,CATAMARCA,True,3.1
2020,3,CENTRO,SAN LUIS,True,0.1
2020,3,CUYO,SAN JUAN,True,1.5
2020,3,CUYO,SAN JUAN,True,7.4
2020,3,CUYO,SAN JUAN,True,3.0
2020,3,CUYO,SAN JUAN,True,5.6
2020,3,CUYO,SAN JUAN,True,5.8
2020,4,CUYO,SAN JUAN,True,0.4
2020,4,NOROESTE,SALTA,True,14.3
2020,4,CENTRO,SAN LUIS,True,4.2
2020,4,NOROESTE,LA RIOJA,True,0.2
2020,4,CUYO,SAN JUAN,True,0.4
2020,4,CENTRO,SAN LUIS,True,0.7
2020,4,CENTRO,SAN LUIS,True,0.0
2020,4,CENTRO,SAN LUIS,True,3.9
2020,4,CUYO,SAN JUAN,True,0.4
2020,4,NOROESTE,CATAMARCA,True,1.6
2020,4,CUYO,SAN JUAN,True,0.4
2020,4,CUYO,SAN JUAN,True,0.5
2020,4,CUYO,SAN JUAN,True,0.0
2020,4,CUYO,SAN JUAN,True,16.2
2020,4,NOROESTE,LA RIOJA,True,2.7
2020,4,CUYO,SAN JUAN,True,0.3
2020,4,NOROESTE,LA RIOJA,True,6.1
2020,4,CUYO,MENDOZA,True,0.2
2020,4,CUYO,MENDOZA,True,1.0
2020,4,NOROESTE,CATAMARCA,True,4.0
2020,4,CUYO,SAN JUAN,True,0.1
2020,4,CUYO,SAN JUAN,True,0.2
2020,4,CENTRO,SAN LUIS,True,0.7
2020,4,NOROESTE,CATAMARCA,True,1.1
2020,4,NOROESTE,CATAMARCA,True,2.2
2020,4,CENTRO,SAN LUIS,True,0.1
2020,4,CUYO,SAN JUAN,True,1.0
2020,4,CUYO,SAN JUAN,True,5.8
2020,4,CUYO,SAN JUAN,True,2.3
2020,4,CUYO,SAN JUAN,True,4.5
2020,4,CUYO,SAN JUAN,True,4.6
2020,5,CUYO,SAN JUAN,True,0.4
2020,5,NOROESTE,SALTA,True,13.9
2020,5,CENTRO,SAN LUIS,True,3.8
2020,5,NOROESTE,LA RIOJA,True,0.3
2020,5,CUYO,SAN JUAN,True,0.4
2020,5,CENTRO,SAN LUIS,True,0.6
2020,5,CENTRO,SAN LUIS,True,0.0
2020,5,CENTRO,SAN LUIS,True,3.7
2020,5,CUYO,SAN JUAN,True,0.4
2020,5,NOROESTE,CATAMARCA,True,1.6
2020,5,CUYO,SAN JUAN,True,0.4
2020,5,CUYO,SAN JUAN,True,0.5
2020,5,CUYO,SAN JUAN,True,0.0
2020,5,CUYO,SAN JUAN,True,13.9
2020,5,NOROESTE,LA RIOJA,True,2.6
2020,5,CUYO,SAN JUAN,True,0.3
2020,5,NOROESTE,LA RIOJA,True,5.3
2020,5,CUYO,MENDOZA,True,0.1
2020,5,CUYO,MENDOZA,True,0.9
2020,5,NOROESTE,CATAMARCA,True,3.7
2020,5,CUYO,SAN JUAN,True,0.1
2020,5,CUYO,SAN JUAN,True,0.2
2020,5,CENTRO,SAN LUIS,True,0.6
2020,5,NOROESTE,CATAMARCA,True,1.1
2020,5,NOROESTE,CATAMARCA,True,2.4
2020,5,CENTRO,SAN LUIS,True,0.1
2020,5,CUYO,SAN JUAN,True,0.6
2020,5,CUYO,SAN JUAN,True,5.1
2020,5,CUYO,SAN JUAN,True,1.9
2020,5,CUYO,SAN JUAN,True,3.9
2020,5,CUYO,SAN JUAN,True,3.9
2020,6,CUYO,SAN JUAN,True,0.3
2020,6,NOROESTE,SALTA,True,10.8
2020,6,CENTRO,SAN LUIS,True,3.0
2020,6,NOROESTE,LA RIOJA,True,0.2
2020,6,CUYO,SAN JUAN,True,0.3
2020,6,CENTRO,SAN LUIS,True,0.4
2020,6,CENTRO,SAN LUIS,True,0.5
2020,6,CENTRO,SAN LUIS,True,2.9
2020,6,CUYO,SAN JUAN,True,0.3
2020,6,NOROESTE,CATAMARCA,True,1.5
2020,6,CUYO,SAN JUAN,True,0.3
2020,6,CUYO,SAN JUAN,True,0.5
2020,6,CUYO,SAN JUAN,True,0.0
2020,6,CUYO,SAN JUAN,True,11.2
2020,6,NOROESTE,LA RIOJA,True,2.1
2020,6,CUYO,SAN JUAN,True,0.2
2020,6,NOROESTE,LA RIOJA,True,4.7
2020,6,CUYO,MENDOZA,True,0.1
2020,6,CUYO,MENDOZA,True,0.7
2020,6,NOROESTE,CATAMARCA,True,3.1
2020,6,CUYO,SAN JUAN,True,0.1
2020,6,CUYO,SAN JUAN,True,0.1
2020,6,CENTRO,SAN LUIS,True,0.4
2020,6,CUYO,SAN JUAN,True,0.1
2020,6,NOROESTE,CATAMARCA,True,0.9
2020,6,NOROESTE,CATAMARCA,True,2.1
2020,6,CENTRO,SAN LUIS,True,0.1
2020,6,CUYO,SAN JUAN,True,0.5
2020,6,CUYO,SAN JUAN,True,4.2
2020,6,CUYO,SAN JUAN,True,1.6
2020,6,CUYO,SAN JUAN,True,3.3
2020,6,CUYO,SAN JUAN,True,3.3
2020,7,CUYO,SAN JUAN,True,0.3
2020,7,NOROESTE,SALTA,True,13.2
2020,7,CENTRO,SAN LUIS,True,3.0
2020,7,NOROESTE,LA RIOJA,True,0.2
2020,7,CUYO,SAN JUAN,True,0.3
2020,7,CENTRO,SAN LUIS,True,0.5
2020,7,CENTRO,SAN LUIS,True,0.5
2020,7,CENTRO,SAN LUIS,True,2.9
2020,7,CUYO,SAN JUAN,True,0.3
2020,7,NOROESTE,CATAMARCA,True,1.8
2020,7,CUYO,SAN JUAN,True,0.3
2020,7,CUYO,SAN JUAN,True,0.5
2020,7,CUYO,SAN JUAN,True,13.4
2020,7,NOROESTE,LA RIOJA,True,2.4
2020,7,CUYO,SAN JUAN,True,0.2
2020,7,NOROESTE,LA RIOJA,True,5.4
2020,7,CUYO,MENDOZA,True,0.1
2020,7,CUYO,MENDOZA,True,0.7
2020,7,NOROESTE,CATAMARCA,True,3.6
2020,7,CUYO,SAN JUAN,True,0.1
2020,7,CUYO,SAN JUAN,True,0.1
2020,7,CENTRO,SAN LUIS,True,0.5
2020,7,CUYO,SAN JUAN,True,0.5
2020,7,NOROESTE,CATAMARCA,True,1.1
2020,7,NOROESTE,CATAMARCA,True,2.5
2020,7,CENTRO,SAN LUIS,True,0.1
2020,7,CUYO,SAN JUAN,True,0.8
2020,7,CUYO,SAN JUAN,True,4.0
2020,7,CUYO,SAN JUAN,True,1.5
2020,7,CUYO,SAN JUAN,True,3.1
2020,7,CUYO,SAN JUAN,True,3.0
2020,7,CUYO,SAN JUAN,True,0.0
2020,8,CUYO,SAN JUAN,True,0.0
2020,8,CUYO,SAN JUAN,True,0.5
2020,8,NOROESTE,SALTA,True,15.4
2020,8,CENTRO,SAN LUIS,True,4.4
2020,8,NOROESTE,LA RIOJA,True,0.3
2020,8,CUYO,SAN JUAN,True,0.4
2020,8,CENTRO,SAN LUIS,True,0.8
2020,8,CENTRO,SAN LUIS,True,0.7
2020,8,CENTRO,SAN LUIS,True,4.3
2020,8,CUYO,SAN JUAN,True,0.4
2020,8,NOROESTE,CATAMARCA,True,2.3
2020,8,CUYO,SAN JUAN,True,0.4
2020,8,CUYO,SAN JUAN,True,0.6
2020,8,CUYO,SAN JUAN,True,16.9
2020,8,NOROESTE,LA RIOJA,True,2.9
2020,8,CUYO,SAN JUAN,True,0.3
2020,8,NOROESTE,LA RIOJA,True,6.5
2020,8,CUYO,MENDOZA,True,0.2
2020,8,CUYO,MENDOZA,True,1.1
2020,8,NOROESTE,CATAMARCA,True,4.1
2020,8,CUYO,SAN JUAN,True,0.1
2020,8,CUYO,SAN JUAN,True,0.2
2020,8,CENTRO,SAN LUIS,True,0.8
2020,8,CUYO,SAN JUAN,True,0.6
2020,8,NOROESTE,CATAMARCA,True,1.3
2020,8,NOROESTE,CATAMARCA,True,2.9
2020,8,CENTRO,SAN LUIS,True,0.1
2020,8,CUYO,SAN JUAN,True,1.1
2020,8,CUYO,SAN JUAN,True,6.0
2020,8,CUYO,SAN JUAN,True,2.3
2020,8,CUYO,SAN JUAN,True,4.6
2020,8,CUYO,SAN JUAN,True,4.2
2020,9,CUYO,SAN JUAN,True,0.6
2020,9,NOROESTE,SALTA,True,18.4
2020,9,CENTRO,SAN LUIS,True,5.5
2020,9,NOROESTE,JUJUY,True,6.9
2020,9,NOROESTE,JUJUY,True,8.6
2020,9,NOROESTE,JUJUY,True,7.6
2020,9,NOROESTE,LA RIOJA,True,0.3
2020,9,CUYO,SAN JUAN,True,0.5
2020,9,CENTRO,SAN LUIS,True,1.0
2020,9,CENTRO,SAN LUIS,True,0.9
2020,9,CENTRO,SAN LUIS,True,5.2
2020,9,CUYO,SAN JUAN,True,0.5
2020,9,NOROESTE,CATAMARCA,True,2.5
2020,9,CUYO,SAN JUAN,True,0.5
2020,9,CUYO,SAN JUAN,True,0.6
2020,9,CUYO,SAN JUAN,True,0.0
2020,9,CUYO,SAN JUAN,True,19.3
2020,9,NOROESTE,LA RIOJA,True,3.4
2020,9,CUYO,SAN JUAN,True,0.4
2020,9,NOROESTE,LA RIOJA,True,7.4
2020,9,CUYO,MENDOZA,True,0.2
2020,9,CUYO,MENDOZA,True,1.3
2020,9,NOROESTE,CATAMARCA,True,4.9
2020,9,CUYO,SAN JUAN,True,0.1
2020,9,CUYO,SAN JUAN,True,0.2
2020,9,CENTRO,SAN LUIS,True,1.0
2020,9,CUYO,SAN JUAN,True,0.7
2020,9,NOROESTE,CATAMARCA,True,1.5
2020,9,NOROESTE,CATAMARCA,True,3.4
2020,9,CENTRO,SAN LUIS,True,0.1
2020,9,CUYO,SAN JUAN,True,1.0
2020,9,CUYO,SAN JUAN,True,7.3
2020,9,CUYO,SAN JUAN,True,2.9
2020,9,CUYO,SAN JUAN,True,5.5
2020,9,CUYO,SAN JUAN,True,5.4
2020,10,CUYO,SAN JUAN,True,0.6
2020,10,NOROESTE,SALTA,True,21.3
2020,10,CENTRO,SAN LUIS,True,6.1
2020,10,NOROESTE,JUJUY,True,9.7
2020,10,NOROESTE,JUJUY,True,11.1
2020,10,NOROESTE,JUJUY,True,13.1
2020,10,NOROESTE,LA RIOJA,True,0.3
2020,10,CUYO,SAN JUAN,True,0.5
2020,10,CENTRO,SAN LUIS,True,1.0
2020,10,CENTRO,SAN LUIS,True,1.0
2020,10,CENTRO,SAN LUIS,True,5.8
2020,10,CUYO,SAN JUAN,True,0.6
2020,10,NOROESTE,CATAMARCA,True,2.9
2020,10,CUYO,SAN JUAN,True,0.5
2020,10,CUYO,SAN JUAN,True,0.7
2020,10,CUYO,SAN JUAN,True,0.0
2020,10,CUYO,SAN JUAN,True,23.1
2020,10,NOROESTE,LA RIOJA,True,4.3
2020,10,CUYO,SAN JUAN,True,0.4
2020,10,NOROESTE,LA RIOJA,True,8.6
2020,10,CUYO,MENDOZA,True,0.2
2020,10,CUYO,MENDOZA,True,1.4
2020,10,NOROESTE,CATAMARCA,True,5.3
2020,10,CUYO,SAN JUAN,True,0.1
2020,10,CUYO,SAN JUAN,True,0.2
2020,10,CENTRO,SAN LUIS,True,1.0
2020,10,CUYO,SAN JUAN,True,0.9
2020,10,NOROESTE,CATAMARCA,True,1.7
2020,10,NOROESTE,CATAMARCA,True,3.8
2020,10,CENTRO,SAN LUIS,True,0.1
2020,10,CUYO,SAN JUAN,True,0.5
2020,10,CUYO,SAN JUAN,True,8.3
2020,10,CUYO,SAN JUAN,True,3.4
2020,10,CUYO,SAN JUAN,True,6.4
2020,10,CUYO,SAN JUAN,True,6.4
2020,11,CUYO,SAN JUAN,True,0.5
2020,11,NOROESTE,SALTA,True,20.3
2020,11,CENTRO,SAN LUIS,True,6.7
2020,11,NOROESTE,JUJUY,True,24.9
2020,11,NOROESTE,JUJUY,True,24.4
2020,11,NOROESTE,JUJUY,True,26.3
2020,11,NOROESTE,LA RIOJA,True,0.3
2020,11,CUYO,SAN JUAN,True,0.5
2020,11,CENTRO,SAN LUIS,True,0.9
2020,11,CENTRO,SAN LUIS,True,1.0
2020,11,CENTRO,SAN LUIS,True,6.1
2020,11,CUYO,SAN JUAN,True,0.6
2020,11,NOROESTE,CATAMARCA,True,3.1
2020,11,CUYO,SAN JUAN,True,0.5
2020,11,CUYO,SAN JUAN,True,0.6
2020,11,CUYO,SAN JUAN,True,0.0
2020,11,CUYO,SAN JUAN,True,22.7
2020,11,NOROESTE,LA RIOJA,True,4.3
2020,11,CUYO,SAN JUAN,True,0.5
2020,11,NOROESTE,LA RIOJA,True,8.9
2020,11,CUYO,MENDOZA,True,0.3
2020,11,CUYO,MENDOZA,True,1.4
2020,11,NOROESTE,CATAMARCA,True,5.6
2020,11,CUYO,SAN JUAN,True,0.1
2020,11,CUYO,SAN JUAN,True,0.2
2020,11,CENTRO,SAN LUIS,True,1.0
2020,11,CUYO,SAN JUAN,True,0.9
2020,11,NOROESTE,CATAMARCA,True,1.7
2020,11,NOROESTE,CATAMARCA,True,3.8
2020,11,CENTRO,SAN LUIS,True,0.1
2020,11,CUYO,SAN JUAN,True,1.6
2020,11,CUYO,SAN JUAN,True,8.6
2020,11,CUYO,SAN JUAN,True,3.6
2020,11,CUYO,SAN JUAN,True,6.6
2020,11,CUYO,SAN JUAN,True,6.1
2020,12,CUYO,SAN JUAN,True,0.5
2020,12,NOROESTE,SALTA,True,21.1
2020,12,CENTRO,SAN LUIS,True,8.1
2020,12,NOROESTE,JUJUY,True,26.8
2020,12,NOROESTE,JUJUY,True,27.3
2020,12,NOROESTE,JUJUY,True,27.6
2020,12,NOROESTE,LA RIOJA,True,0.3
2020,12,CUYO,SAN JUAN,True,0.5
2020,12,CENTRO,SAN LUIS,True,1.1
2020,12,CENTRO,SAN LUIS,True,1.3
2020,12,CENTRO,SAN LUIS,True,7.6
2020,12,CUYO,SAN JUAN,True,0.6
2020,12,NOROESTE,CATAMARCA,True,3.3
2020,12,CUYO,SAN JUAN,True,0.5
2020,12,CUYO,SAN JUAN,True,0.7
2020,12,CUYO,SAN JUAN,True,25.2
2020,12,NOROESTE,LA RIOJA,True,5.5
2020,12,CUYO,SAN JUAN,True,0.6
2020,12,NOROESTE,LA RIOJA,True,9.7
2020,12,CUYO,MENDOZA,True,0.4
2020,12,CUYO,MENDOZA,True,1.7
2020,12,NOROESTE,CATAMARCA,True,6.8
2020,12,CUYO,SAN JUAN,True,0.1
2020,12,CUYO,SAN JUAN,True,0.2
2020,12,CENTRO,SAN LUIS,True,1.1
2020,12,CUYO,SAN JUAN,True,1.0
2020,12,NOROESTE,CATAMARCA,True,1.9
2020,12,NOROESTE,CATAMARCA,True,4.1
2020,12,CENTRO,SAN LUIS,True,0.1
2020,12,CUYO,SAN JUAN,True,2.1
2020,12,CUYO,SAN JUAN,True,9.5
2020,12,CUYO,SAN JUAN,True,4.1
2020,12,CUYO,SAN JUAN,True,7.5
2020,12,CUYO,SAN JUAN,True,7.4
2020,12,CUYO,SAN JUAN,True,0.0
2021,1,CUYO,SAN JUAN,True,0.6
2021,1,NOROESTE,SALTA,True,18.9
2021,1,CENTRO,SAN LUIS,True,7.1
2021,1,NOROESTE,JUJUY,True,23.9
2021,1,NOROESTE,JUJUY,True,24.5
2021,1,NOROESTE,JUJUY,True,24.9
2021,1,NOROESTE,LA RIOJA,True,0.3
2021,1,CUYO,SAN JUAN,True,0.5
2021,1,CENTRO,SAN LUIS,True,1.0
2021,1,CENTRO,SAN LUIS,True,1.1
2021,1,CENTRO,SAN LUIS,True,6.5
2021,1,CUYO,SAN JUAN,True,0.6
2021,1,NOROESTE,CATAMARCA,True,3.1
2021,1,CUYO,SAN JUAN,True,0.5
2021,1,CUYO,SAN JUAN,True,0.6
2021,1,CUYO,SAN JUAN,True,0.0
2021,1,CUYO,SAN JUAN,True,24.0
2021,1,NOROESTE,LA RIOJA,True,4.0
2021,1,CUYO,SAN JUAN,True,0.5
2021,1,NOROESTE,LA RIOJA,True,8.3
2021,1,CUYO,MENDOZA,True,0.3
2021,1,CUYO,MENDOZA,True,1.4
2021,1,NOROESTE,CATAMARCA,True,6.1
2021,1,CUYO,SAN JUAN,True,0.1
2021,1,CUYO,SAN JUAN,True,0.2
2021,1,CENTRO,SAN LUIS,True,1.0
2021,1,CUYO,SAN JUAN,True,1.0
2021,1,NOROESTE,CATAMARCA,True,1.7
2021,1,NOROESTE,CATAMARCA,True,3.8
2021,1,CENTRO,SAN LUIS,True,0.1
2021,1,CUYO,SAN JUAN,True,1.8
2021,1,CUYO,SAN JUAN,True,8.9
2021,1,CUYO,SAN JUAN,True,3.7
2021,1,CUYO,SAN JUAN,True,6.8
2021,1,CUYO,SAN JUAN,True,7.0
2021,2,CUYO,SAN JUAN,True,0.5
2021,2,CUYO,SAN JUAN,True,0.5
2021,2,CUYO,SAN JUAN,True,0.6
2021,2,CUYO,SAN JUAN,True,0.0
2021,2,CUYO,SAN JUAN,True,0.2
2021,2,CENTRO,SAN LUIS,True,5.9
2021,2,CUYO,SAN JUAN,True,0.1
2021,2,CENTRO,SAN LUIS,True,5.5
2021,2,CUYO,SAN JUAN,True,0.4
2021,2,NOROESTE,LA RIOJA,True,0.2
2021,2,NOROESTE,LA RIOJA,True,6.9
2021,2,NOROESTE,CATAMARCA,True,5.3
2021,2,CUYO,SAN JUAN,True,5.3
2021,2,CUYO,SAN JUAN,True,5.5
2021,2,CUYO,SAN JUAN,True,7.0
2021,2,CUYO,SAN JUAN,True,19.1
2021,2,NOROESTE,LA RIOJA,True,3.4
2021,2,CENTRO,SAN LUIS,True,0.9
2021,2,NOROESTE,CATAMARCA,True,3.1
2021,2,NOROESTE,CATAMARCA,True,1.4
2021,2,CUYO,SAN JUAN,True,3.0
2021,2,NOROESTE,SALTA,True,16.4
2021,2,CUYO,MENDOZA,True,0.2
2021,2,CUYO,SAN JUAN,True,1.5
2021,2,NOROESTE,CATAMARCA,True,2.7
2021,2,CENTRO,SAN LUIS,True,0.9
2021,2,CENTRO,SAN LUIS,True,0.9
2021,2,CENTRO,SAN LUIS,True,0.1
2021,2,CUYO,SAN JUAN,True,0.5
2021,2,CUYO,MENDOZA,True,1.2
2021,2,CUYO,SAN JUAN,True,0.6
2021,2,CUYO,SAN JUAN,True,0.8
2021,2,NOROESTE,JUJUY,True,22.7
2021,2,NOROESTE,JUJUY,True,23.2
2021,2,NOROESTE,JUJUY,True,23.9
2021,3,CUYO,SAN JUAN,True,0.5
2021,3,CUYO,SAN JUAN,True,0.4
2021,3,CUYO,SAN JUAN,True,0.6
2021,3,CUYO,SAN JUAN,True,0.0
2021,3,CUYO,SAN JUAN,True,0.2
2021,3,CENTRO,SAN LUIS,True,5.0
2021,3,CUYO,SAN JUAN,True,0.1
2021,3,CENTRO,SAN LUIS,True,4.8
2021,3,CUYO,SAN JUAN,True,0.4
2021,3,NOROESTE,LA RIOJA,True,0.2
2021,3,NOROESTE,LA RIOJA,True,6.3
2021,3,NOROESTE,CATAMARCA,True,4.4
2021,3,CUYO,SAN JUAN,True,4.9
2021,3,CUYO,SAN JUAN,True,5.0
2021,3,CUYO,SAN JUAN,True,6.0
2021,3,CUYO,SAN JUAN,True,18.7
2021,3,NOROESTE,LA RIOJA,True,3.3
2021,3,CENTRO,SAN LUIS,True,0.8
2021,3,NOROESTE,CATAMARCA,True,2.8
2021,3,NOROESTE,CATAMARCA,True,1.3
2021,3,CUYO,SAN JUAN,True,2.6
2021,3,NOROESTE,SALTA,True,17.5
2021,3,CUYO,MENDOZA,True,0.2
2021,3,CUYO,SAN JUAN,True,1.2
2021,3,NOROESTE,CATAMARCA,True,2.6
2021,3,CENTRO,SAN LUIS,True,0.9
2021,3,CENTRO,SAN LUIS,True,0.9
2021,3,CENTRO,SAN LUIS,True,0.1
2021,3,CUYO,SAN JUAN,True,0.4
2021,3,CUYO,MENDOZA,True,1.1
2021,3,CUYO,SAN JUAN,True,0.5
2021,3,CUYO,SAN JUAN,True,0.7
2021,3,NOROESTE,JUJUY,True,22.2
2021,3,NOROESTE,JUJUY,True,22.1
2021,3,NOROESTE,JUJUY,True,22.5
2021,4,CUYO,SAN JUAN,True,0.5
2021,4,CUYO,SAN JUAN,True,0.4
2021,4,CUYO,SAN JUAN,True,0.6
2021,4,CUYO,SAN JUAN,True,0.0
2021,4,CUYO,SAN JUAN,True,0.2
2021,4,CENTRO,SAN LUIS,True,4.2
2021,4,CUYO,SAN JUAN,True,0.1
2021,4,CENTRO,SAN LUIS,True,4.1
2021,4,CUYO,SAN JUAN,True,0.3
2021,4,NOROESTE,LA RIOJA,True,0.2
2021,4,NOROESTE,LA RIOJA,True,6.0
2021,4,NOROESTE,CATAMARCA,True,4.6
2021,4,CUYO,SAN JUAN,True,4.5
2021,4,CUYO,SAN JUAN,True,4.6
2021,4,CUYO,SAN JUAN,True,5.8
2021,4,CUYO,SAN JUAN,True,15.7
2021,4,NOROESTE,LA RIOJA,True,3.0
2021,4,CENTRO,SAN LUIS,True,0.6
2021,4,NOROESTE,CATAMARCA,True,3.0
2021,4,NOROESTE,CATAMARCA,True,1.3
2021,4,CUYO,SAN JUAN,True,2.3
2021,4,NOROESTE,SALTA,True,15.9
2021,4,CUYO,MENDOZA,True,0.2
2021,4,CUYO,SAN JUAN,True,1.2
2021,4,NOROESTE,CATAMARCA,True,2.2
2021,4,CENTRO,SAN LUIS,True,0.8
2021,4,CENTRO,SAN LUIS,True,0.8
2021,4,CENTRO,SAN LUIS,True,0.1
2021,4,CUYO,SAN JUAN,True,0.4
2021,4,CUYO,MENDOZA,True,0.9
2021,4,CUYO,SAN JUAN,True,0.4
2021,4,CUYO,SAN JUAN,True,0.7
2021,4,NOROESTE,JUJUY,True,21.6
2021,4,NOROESTE,JUJUY,True,21.6
2021,4,NOROESTE,JUJUY,True,16.9
2021,5,CUYO,SAN JUAN,True,0.3
2021,5,CUYO,SAN JUAN,True,0.3
2021,5,CUYO,SAN JUAN,True,0.4
2021,5,CUYO,SAN JUAN,True,0.0
2021,5,CUYO,SAN JUAN,True,0.2
2021,5,CENTRO,SAN LUIS,True,3.4
2021,5,CUYO,SAN JUAN,True,0.1
2021,5,CENTRO,SAN LUIS,True,3.3
2021,5,CUYO,SAN JUAN,True,0.2
2021,5,NOROESTE,LA RIOJA,True,0.2
2021,5,NOROESTE,LA RIOJA,True,5.2
2021,5,NOROESTE,CATAMARCA,True,3.3
2021,5,CUYO,SAN JUAN,True,3.5
2021,5,CUYO,SAN JUAN,True,3.6
2021,5,CUYO,SAN JUAN,True,4.5
2021,5,CUYO,SAN JUAN,True,13.3
2021,5,NOROESTE,LA RIOJA,True,2.6
2021,5,CENTRO,SAN LUIS,True,0.5
2021,5,NOROESTE,CATAMARCA,True,2.4
2021,5,NOROESTE,CATAMARCA,True,1.1
2021,5,CUYO,SAN JUAN,True,1.8
2021,5,NOROESTE,SALTA,True,15.2
2021,5,CUYO,MENDOZA,True,0.1
2021,5,CUYO,SAN JUAN,True,0.9
2021,5,NOROESTE,CATAMARCA,True,1.8
2021,5,CENTRO,SAN LUIS,True,0.6
2021,5,CENTRO,SAN LUIS,True,0.6
2021,5,CENTRO,SAN LUIS,True,0.0
2021,5,CUYO,SAN JUAN,True,0.3
2021,5,CUYO,MENDOZA,True,0.8
2021,5,CUYO,SAN JUAN,True,0.3
2021,5,CUYO,SAN JUAN,True,0.5
2021,5,NOROESTE,JUJUY,True,16.9
2021,5,NOROESTE,JUJUY,True,18.3
2021,5,NOROESTE,JUJUY,True,16.3
2021,6,CUYO,SAN JUAN,True,0.3
2021,6,CUYO,SAN JUAN,True,0.3
2021,6,CUYO,SAN JUAN,True,0.4
2021,6,CUYO,SAN JUAN,True,0.0
2021,6,CUYO,SAN JUAN,True,0.1
2021,6,CENTRO,SAN LUIS,True,2.6
2021,6,CUYO,SAN JUAN,True,0.1
2021,6,CENTRO,SAN LUIS,True,2.6
2021,6,CUYO,SAN JUAN,True,0.2
2021,6,NOROESTE,LA RIOJA,True,0.2
2021,6,NOROESTE,LA RIOJA,True,4.4
2021,6,NOROESTE,CATAMARCA,True,2.5
2021,6,CUYO,SAN JUAN,True,2.6
2021,6,CUYO,SAN JUAN,True,2.6
2021,6,CUYO,SAN JUAN,True,3.3
2021,6,CUYO,SAN JUAN,True,12.1
2021,6,NOROESTE,LA RIOJA,True,2.2
2021,6,CENTRO,SAN LUIS,True,0.4
2021,6,NOROESTE,CATAMARCA,True,2.0
2021,6,NOROESTE,CATAMARCA,True,0.9
2021,6,CUYO,SAN JUAN,True,1.3
2021,6,NOROESTE,SALTA,True,12.5
2021,6,CUYO,MENDOZA,True,0.1
2021,6,CUYO,SAN JUAN,True,0.6
2021,6,NOROESTE,CATAMARCA,True,1.6
2021,6,CENTRO,SAN LUIS,True,0.4
2021,6,CENTRO,SAN LUIS,True,0.4
2021,6,CENTRO,SAN LUIS,True,0.0
2021,6,CUYO,SAN JUAN,True,0.3
2021,6,CUYO,MENDOZA,True,0.6
2021,6,CUYO,SAN JUAN,True,0.3
2021,6,CUYO,SAN JUAN,True,0.5
2021,6,NOROESTE,JUJUY,True,14.8
2021,6,NOROESTE,JUJUY,True,16.4
2021,6,NOROESTE,JUJUY,True,16.0
2021,6,CUYO,SAN JUAN,True,0.2
2021,7,CUYO,SAN JUAN,True,0.4
2021,7,CUYO,SAN JUAN,True,0.4
2021,7,CUYO,SAN JUAN,True,0.6
2021,7,CUYO,SAN JUAN,True,0.0
2021,7,CUYO,SAN JUAN,True,0.2
2021,7,CENTRO,SAN LUIS,True,3.8
2021,7,CUYO,SAN JUAN,True,0.1
2021,7,CENTRO,SAN LUIS,True,3.8
2021,7,CUYO,SAN JUAN,True,0.3
2021,7,NOROESTE,LA RIOJA,True,0.2
2021,7,NOROESTE,LA RIOJA,True,5.7
2021,7,NOROESTE,CATAMARCA,True,3.9
2021,7,CUYO,SAN JUAN,True,3.8
2021,7,CUYO,SAN JUAN,True,3.9
2021,7,CUYO,SAN JUAN,True,5.0
2021,7,CUYO,SAN JUAN,True,13.9
2021,7,NOROESTE,LA RIOJA,True,3.0
2021,7,CENTRO,SAN LUIS,True,0.6
2021,7,NOROESTE,CATAMARCA,True,2.6
2021,7,NOROESTE,CATAMARCA,True,1.2
2021,7,CUYO,SAN JUAN,True,1.9
2021,7,NOROESTE,SALTA,True,13.7
2021,7,CUYO,MENDOZA,True,0.1
2021,7,CUYO,SAN JUAN,True,0.9
2021,7,NOROESTE,CATAMARCA,True,1.8
2021,7,CENTRO,SAN LUIS,True,0.6
2021,7,CENTRO,SAN LUIS,True,0.6
2021,7,CENTRO,SAN LUIS,True,0.1
2021,7,CUYO,SAN JUAN,True,0.4
2021,7,CUYO,MENDOZA,True,0.9
2021,7,CUYO,SAN JUAN,True,0.4
2021,7,CUYO,SAN JUAN,True,0.6
2021,7,NOROESTE,JUJUY,True,15.3
2021,7,NOROESTE,JUJUY,True,16.3
2021,7,NOROESTE,JUJUY,True,16.1
2021,7,CUYO,SAN JUAN,True,16.3
2021,8,CUYO,SAN JUAN,True,0.5
2021,8,CUYO,SAN JUAN,True,0.5
2021,8,CUYO,SAN JUAN,True,0.6
2021,8,CUYO,SAN JUAN,True,0.0
2021,8,CUYO,SAN JUAN,True,0.2
2021,8,CENTRO,SAN LUIS,True,4.5
2021,8,CUYO,SAN JUAN,True,0.1
2021,8,CENTRO,SAN LUIS,True,4.5
2021,8,CUYO,SAN JUAN,True,0.3
2021,8,NOROESTE,LA RIOJA,True,0.3
2021,8,NOROESTE,LA RIOJA,True,6.5
2021,8,NOROESTE,CATAMARCA,True,4.7
2021,8,CUYO,SAN JUAN,True,4.7
2021,8,CUYO,SAN JUAN,True,4.9
2021,8,CUYO,SAN JUAN,True,6.1
2021,8,CUYO,SAN JUAN,True,17.1
2021,8,NOROESTE,LA RIOJA,True,3.6
2021,8,CENTRO,SAN LUIS,True,0.7
2021,8,NOROESTE,CATAMARCA,True,3.1
2021,8,NOROESTE,CATAMARCA,True,1.4
2021,8,CUYO,SAN JUAN,True,2.5
2021,8,NOROESTE,SALTA,True,17.7
2021,8,CUYO,MENDOZA,True,0.2
2021,8,CUYO,SAN JUAN,True,1.2
2021,8,NOROESTE,CATAMARCA,True,2.3
2021,8,CENTRO,SAN LUIS,True,0.8
2021,8,CENTRO,SAN LUIS,True,0.9
2021,8,CENTRO,SAN LUIS,True,0.1
2021,8,CUYO,SAN JUAN,True,0.4
2021,8,CUYO,MENDOZA,True,1.0
2021,8,CUYO,SAN JUAN,True,0.4
2021,8,CUYO,SAN JUAN,True,0.6
2021,8,NOROESTE,JUJUY,True,10.9
2021,8,NOROESTE,JUJUY,True,19.3
2021,8,NOROESTE,JUJUY,True,21.0
2021,8,CUYO,SAN JUAN,True,21.6
2021,9,CUYO,SAN JUAN,True,0.5
2021,9,CUYO,SAN JUAN,True,0.5
2021,9,CUYO,SAN JUAN,True,0.6
2021,9,CUYO,SAN JUAN,True,0.0
2021,9,CUYO,SAN JUAN,True,0.2
2021,9,CENTRO,SAN LUIS,True,5.1
2021,9,CUYO,SAN JUAN,True,0.1
2021,9,CENTRO,SAN LUIS,True,4.8
2021,9,CUYO,SAN JUAN,True,0.4
2021,9,NOROESTE,LA RIOJA,True,0.3
2021,9,NOROESTE,LA RIOJA,True,7.5
2021,9,NOROESTE,CATAMARCA,True,5.0
2021,9,CUYO,SAN JUAN,True,5.4
2021,9,CUYO,SAN JUAN,True,5.4
2021,9,CUYO,SAN JUAN,True,6.8
2021,9,CUYO,SAN JUAN,True,20.1
2021,9,NOROESTE,LA RIOJA,True,3.9
2021,9,CENTRO,SAN LUIS,True,0.8
2021,9,NOROESTE,CATAMARCA,True,3.5
2021,9,NOROESTE,CATAMARCA,True,1.6
2021,9,CUYO,SAN JUAN,True,2.9
2021,9,NOROESTE,SALTA,True,19.7
2021,9,CUYO,MENDOZA,True,0.2
2021,9,CUYO,SAN JUAN,True,1.4
2021,9,NOROESTE,CATAMARCA,True,2.7
2021,9,CENTRO,SAN LUIS,True,0.9
2021,9,CENTRO,SAN LUIS,True,0.9
2021,9,CENTRO,SAN LUIS,True,0.1
2021,9,CUYO,SAN JUAN,True,0.5
2021,9,CUYO,MENDOZA,True,1.2
2021,9,CUYO,SAN JUAN,True,0.4
2021,9,CUYO,SAN JUAN,True,0.7
2021,9,NOROESTE,JUJUY,True,9.9
2021,9,NOROESTE,JUJUY,True,22.1
2021,9,NOROESTE,JUJUY,True,23.6
2021,9,CUYO,SAN JUAN,True,25.2
2021,9,NOROESTE,SALTA,True,5.3
2021,9,NOROESTE,SALTA,True,4.5
2021,10,CUYO,SAN JUAN,True,0.6
2021,10,CUYO,SAN JUAN,True,0.6
2021,10,CUYO,SAN JUAN,True,0.7
2021,10,CUYO,SAN JUAN,True,0.0
2021,10,CUYO,SAN JUAN,True,0.2
2021,10,CENTRO,SAN LUIS,True,6.6
2021,10,CUYO,SAN JUAN,True,0.1
2021,10,CENTRO,SAN LUIS,True,6.4
2021,10,CUYO,SAN JUAN,True,0.5
2021,10,NOROESTE,LA RIOJA,True,0.3
2021,10,NOROESTE,LA RIOJA,True,8.8
2021,10,NOROESTE,CATAMARCA,True,5.0
2021,10,CUYO,SAN JUAN,True,6.8
2021,10,CUYO,SAN JUAN,True,6.9
2021,10,CUYO,SAN JUAN,True,8.8
2021,10,CUYO,SAN JUAN,True,23.3
2021,10,NOROESTE,LA RIOJA,True,4.8
2021,10,CENTRO,SAN LUIS,True,1.1
2021,10,NOROESTE,CATAMARCA,True,4.0
2021,10,NOROESTE,CATAMARCA,True,1.8
2021,10,CUYO,SAN JUAN,True,3.6
2021,10,NOROESTE,SALTA,True,21.4
2021,10,CUYO,MENDOZA,True,0.3
2021,10,CUYO,SAN JUAN,True,1.8
2021,10,NOROESTE,CATAMARCA,True,3.0
2021,10,CENTRO,SAN LUIS,True,1.0
2021,10,CENTRO,SAN LUIS,True,1.1
2021,10,CENTRO,SAN LUIS,True,0.1
2021,10,CUYO,SAN JUAN,True,0.6
2021,10,CUYO,MENDOZA,True,1.5
2021,10,CUYO,SAN JUAN,True,0.6
2021,10,CUYO,SAN JUAN,True,0.9
2021,10,NOROESTE,JUJUY,True,11.8
2021,10,NOROESTE,JUJUY,True,26.0
2021,10,NOROESTE,JUJUY,True,26.4
2021,10,CUYO,SAN JUAN,True,29.2
2021,10,NOROESTE,SALTA,True,24.4
2021,10,NOROESTE,SALTA,True,25.6
2021,11,NOROESTE,SALTA,True,27.8
2021,11,CUYO,SAN JUAN,True,0.6
2021,11,NOROESTE,SALTA,True,21.4
2021,11,CENTRO,SAN LUIS,True,6.6
2021,11,NOROESTE,JUJUY,True,21.4
2021,11,NOROESTE,JUJUY,True,22.8
2021,11,NOROESTE,JUJUY,True,23.0
2021,11,NOROESTE,LA RIOJA,True,0.3
2021,11,CUYO,SAN JUAN,True,0.6
2021,11,CENTRO,SAN LUIS,True,1.0
2021,11,CENTRO,SAN LUIS,True,1.1
2021,11,CENTRO,SAN LUIS,True,6.3
2021,11,CUYO,SAN JUAN,True,0.6
2021,11,NOROESTE,CATAMARCA,True,3.1
2021,11,CUYO,SAN JUAN,True,30.9
2021,11,CUYO,SAN JUAN,True,0.5
2021,11,CUYO,SAN JUAN,True,0.7
2021,11,CUYO,SAN JUAN,True,0.0
2021,11,CUYO,SAN JUAN,True,24.8
2021,11,NOROESTE,LA RIOJA,True,4.9
2021,11,CUYO,SAN JUAN,True,0.5
2021,11,NOROESTE,SALTA,True,28.6
2021,11,NOROESTE,LA RIOJA,True,8.7
2021,11,CUYO,MENDOZA,True,0.3
2021,11,CUYO,MENDOZA,True,1.5
2021,11,NOROESTE,CATAMARCA,True,5.5
2021,11,CUYO,SAN JUAN,True,0.1
2021,11,CUYO,SAN JUAN,True,0.2
2021,11,CENTRO,SAN LUIS,True,1.0
2021,11,CUYO,SAN JUAN,True,0.9
2021,11,NOROESTE,CATAMARCA,True,1.7
2021,11,NOROESTE,CATAMARCA,True,3.6
2021,11,CENTRO,SAN LUIS,True,0.1
2021,11,CUYO,SAN JUAN,True,1.9
2021,11,CUYO,SAN JUAN,True,9.1
2021,11,CUYO,SAN JUAN,True,3.8
2021,11,CUYO,SAN JUAN,True,7.0
2021,11,CUYO,SAN JUAN,True,7.1
2021,12,CUYO,SAN JUAN,True,0.5
2021,12,CUYO,SAN JUAN,True,0.5
2021,12,CUYO,SAN JUAN,True,0.6
2021,12,CUYO,SAN JUAN,True,0.0
2021,12,CUYO,SAN JUAN,True,0.2
2021,12,CENTRO,SAN LUIS,True,6.5
2021,12,CUYO,SAN JUAN,True,0.1
2021,12,CENTRO,SAN LUIS,True,5.9
2021,12,CUYO,SAN JUAN,True,0.5
2021,12,NOROESTE,LA RIOJA,True,0.3
2021,12,NOROESTE,LA RIOJA,True,8.4
2021,12,NOROESTE,CATAMARCA,True,5.8
2021,12,CUYO,SAN JUAN,True,6.2
2021,12,CUYO,SAN JUAN,True,6.3
2021,12,CUYO,SAN JUAN,True,8.1
2021,12,CUYO,SAN JUAN,True,23.6
2021,12,NOROESTE,LA RIOJA,True,4.4
2021,12,CENTRO,SAN LUIS,True,1.0
2021,12,NOROESTE,CATAMARCA,True,3.4
2021,12,NOROESTE,CATAMARCA,True,1.6
2021,12,CUYO,SAN JUAN,True,3.3
2021,12,NOROESTE,SALTA,True,18.6
2021,12,CUYO,MENDOZA,True,0.3
2021,12,CUYO,SAN JUAN,True,1.6
2021,12,NOROESTE,CATAMARCA,True,3.0
2021,12,CENTRO,SAN LUIS,True,0.8
2021,12,CENTRO,SAN LUIS,True,0.9
2021,12,CENTRO,SAN LUIS,True,0.1
2021,12,CUYO,SAN JUAN,True,0.6
2021,12,CUYO,MENDOZA,True,1.4
2021,12,CUYO,SAN JUAN,True,0.6
2021,12,CUYO,SAN JUAN,True,0.9
2021,12,NOROESTE,JUJUY,True,18.6
2021,12,NOROESTE,JUJUY,True,17.9
2021,12,NOROESTE,JUJUY,True,17.9
2021,12,CUYO,SAN JUAN,True,29.1
2021,12,NOROESTE,SALTA,True,26.0
2021,12,NOROESTE,SALTA,True,24.5
2022,1,CUYO,SAN JUAN,True,0.6
2022,1,CUYO,SAN JUAN,True,0.5
2022,1,CUYO,SAN JUAN,True,0.6
2022,1,CUYO,SAN JUAN,True,0.0
2022,1,CUYO,SAN JUAN,True,0.2
2022,1,CENTRO,SAN LUIS,True,6.6
2022,1,CUYO,SAN JUAN,True,0.1
2022,1,CENTRO,SAN LUIS,True,6.2
2022,1,CUYO,SAN JUAN,True,0.5
2022,1,NOROESTE,LA RIOJA,True,0.3
2022,1,NOROESTE,LA RIOJA,True,8.9
2022,1,NOROESTE,CATAMARCA,True,5.7
2022,1,CUYO,SAN JUAN,True,6.5
2022,1,CUYO,SAN JUAN,True,6.7
2022,1,CUYO,SAN JUAN,True,8.6
2022,1,CUYO,SAN JUAN,True,22.3
2022,1,NOROESTE,LA RIOJA,True,4.6
2022,1,CENTRO,SAN LUIS,True,1.0
2022,1,NOROESTE,CATAMARCA,True,3.7
2022,1,NOROESTE,CATAMARCA,True,1.7
2022,1,CUYO,SAN JUAN,True,3.6
2022,1,NOROESTE,SALTA,True,19.7
2022,1,CUYO,MENDOZA,True,0.3
2022,1,CUYO,SAN JUAN,True,1.8
2022,1,NOROESTE,CATAMARCA,True,3.0
2022,1,CENTRO,SAN LUIS,True,0.9
2022,1,CENTRO,SAN LUIS,True,1.0
2022,1,CENTRO,SAN LUIS,True,0.1
2022,1,CUYO,SAN JUAN,True,0.6
2022,1,CUYO,MENDOZA,True,1.4
2022,1,CUYO,SAN JUAN,True,0.6
2022,1,CUYO,SAN JUAN,True,0.9
2022,1,NOROESTE,JUJUY,True,22.8
2022,1,NOROESTE,JUJUY,True,20.0
2022,1,NOROESTE,JUJUY,True,11.4
2022,1,CUYO,SAN JUAN,True,28.4
2022,1,NOROESTE,SALTA,True,28.1
2022,1,NOROESTE,SALTA,True,26.8
2022,2,NOROESTE,SALTA,True,26.9
2022,2,CUYO,SAN JUAN,True,0.6
2022,2,NOROESTE,SALTA,True,16.5
2022,2,CENTRO,SAN LUIS,True,5.8
2022,2,NOROESTE,JUJUY,True,23.5
2022,2,NOROESTE,JUJUY,True,23.0
2022,2,NOROESTE,JUJUY,True,15.9
2022,2,NOROESTE,LA RIOJA,True,0.2
2022,2,CUYO,SAN JUAN,True,0.5
2022,2,CENTRO,SAN LUIS,True,0.9
2022,2,CENTRO,SAN LUIS,True,1.0
2022,2,CENTRO,SAN LUIS,True,5.6
2022,2,CUYO,SAN JUAN,True,0.5
2022,2,NOROESTE,CATAMARCA,True,2.7
2022,2,CUYO,SAN JUAN,True,24.7
2022,2,CUYO,SAN JUAN,True,0.5
2022,2,CUYO,SAN JUAN,True,0.6
2022,2,CUYO,SAN JUAN,True,0.0
2022,2,CUYO,SAN JUAN,True,20.1
2022,2,NOROESTE,LA RIOJA,True,3.8
2022,2,CUYO,SAN JUAN,True,0.4
2022,2,NOROESTE,SALTA,True,28.3
2022,2,NOROESTE,LA RIOJA,True,7.0
2022,2,CUYO,MENDOZA,True,0.2
2022,2,CUYO,MENDOZA,True,1.2
2022,2,NOROESTE,CATAMARCA,True,5.3
2022,2,CUYO,SAN JUAN,True,0.1
2022,2,CUYO,SAN JUAN,True,0.2
2022,2,CENTRO,SAN LUIS,True,0.9
2022,2,CUYO,SAN JUAN,True,0.8
2022,2,NOROESTE,CATAMARCA,True,1.4
2022,2,NOROESTE,CATAMARCA,True,2.9
2022,2,CENTRO,SAN LUIS,True,0.0
2022,2,CUYO,SAN JUAN,True,1.5
2022,2,CUYO,SAN JUAN,True,7.4
2022,2,CUYO,SAN JUAN,True,3.0
2022,2,CUYO,SAN JUAN,True,5.7
2022,2,CUYO,SAN JUAN,True,5.8
2022,3,NOROESTE,SALTA,True,27.5
2022,3,CUYO,SAN JUAN,True,0.6
2022,3,NOROESTE,SALTA,True,15.6
2022,3,CENTRO,SAN LUIS,True,6.1
2022,3,NOROESTE,JUJUY,True,22.7
2022,3,NOROESTE,JUJUY,True,26.3
2022,3,NOROESTE,JUJUY,True,23.4
2022,3,NOROESTE,LA RIOJA,True,0.3
2022,3,CUYO,SAN JUAN,True,0.6
2022,3,CENTRO,SAN LUIS,True,1.0
2022,3,CENTRO,SAN LUIS,True,1.0
2022,3,CENTRO,SAN LUIS,True,6.0
2022,3,CUYO,SAN JUAN,True,0.6
2022,3,NOROESTE,CATAMARCA,True,2.6
2022,3,CUYO,SAN JUAN,True,26.4
2022,3,CUYO,SAN JUAN,True,0.5
2022,3,CUYO,SAN JUAN,True,0.7
2022,3,CUYO,SAN JUAN,True,0.0
2022,3,CUYO,SAN JUAN,True,21.0
2022,3,NOROESTE,LA RIOJA,True,3.9
2022,3,CUYO,SAN JUAN,True,0.4
2022,3,NOROESTE,SALTA,True,29.0
2022,3,NOROESTE,LA RIOJA,True,7.3
2022,3,CUYO,MENDOZA,True,0.2
2022,3,CUYO,MENDOZA,True,1.3
2022,3,NOROESTE,CATAMARCA,True,5.2
2022,3,CUYO,SAN JUAN,True,0.1
2022,3,CUYO,SAN JUAN,True,0.2
2022,3,CENTRO,SAN LUIS,True,1.0
2022,3,CUYO,SAN JUAN,True,0.8
2022,3,NOROESTE,CATAMARCA,True,1.5
2022,3,NOROESTE,CATAMARCA,True,3.2
2022,3,CENTRO,SAN LUIS,True,0.0
2022,3,CUYO,SAN JUAN,True,1.6
2022,3,CUYO,SAN JUAN,True,8.2
2022,3,CUYO,SAN JUAN,True,3.3
2022,3,CUYO,SAN JUAN,True,6.2
2022,3,CUYO,SAN JUAN,True,6.4
2022,3,CUYO,MENDOZA,True,0.7
2022,4,NOROESTE,SALTA,True,23.0
2022,4,CUYO,SAN JUAN,True,0.5
2022,4,NOROESTE,SALTA,True,17.2
2022,4,CENTRO,SAN LUIS,True,4.7
2022,4,NOROESTE,JUJUY,True,21.9
2022,4,NOROESTE,JUJUY,True,20.6
2022,4,NOROESTE,JUJUY,True,21.4
2022,4,NOROESTE,LA RIOJA,True,0.3
2022,4,CUYO,SAN JUAN,True,0.5
2022,4,CENTRO,SAN LUIS,True,0.9
2022,4,CENTRO,SAN LUIS,True,0.8
2022,4,CENTRO,SAN LUIS,True,4.6
2022,4,CUYO,SAN JUAN,True,0.4
2022,4,NOROESTE,CATAMARCA,True,2.4
2022,4,CUYO,SAN JUAN,True,23.0
2022,4,CUYO,SAN JUAN,True,0.5
2022,4,CUYO,SAN JUAN,True,0.6
2022,4,CUYO,SAN JUAN,True,0.0
2022,4,CUYO,SAN JUAN,True,17.4
2022,4,NOROESTE,LA RIOJA,True,3.4
2022,4,CUYO,SAN JUAN,True,0.3
2022,4,NOROESTE,SALTA,True,23.8
2022,4,NOROESTE,LA RIOJA,True,7.1
2022,4,CUYO,MENDOZA,True,0.2
2022,4,CUYO,MENDOZA,True,1.1
2022,4,NOROESTE,CATAMARCA,True,4.8
2022,4,CUYO,SAN JUAN,True,0.1
2022,4,CUYO,SAN JUAN,True,0.2
2022,4,CENTRO,SAN LUIS,True,0.9
2022,4,CUYO,SAN JUAN,True,0.7
2022,4,NOROESTE,CATAMARCA,True,1.4
2022,4,NOROESTE,CATAMARCA,True,3.1
2022,4,CENTRO,SAN LUIS,True,0.0
2022,4,CUYO,SAN JUAN,True,1.3
2022,4,CUYO,SAN JUAN,True,6.6
2022,4,CUYO,SAN JUAN,True,2.6
2022,4,CUYO,SAN JUAN,True,5.0
2022,4,CUYO,SAN JUAN,True,5.1
2022,4,CUYO,MENDOZA,True,1.1
2022,4,NOROESTE,CATAMARCA,True,0.1
2022,5,NOROESTE,SALTA,True,19.6
2022,5,CUYO,SAN JUAN,True,0.3
2022,5,NOROESTE,SALTA,True,14.7
2022,5,CENTRO,SAN LUIS,True,3.2
2022,5,NOROESTE,JUJUY,True,19.9
2022,5,NOROESTE,JUJUY,True,20.5
2022,5,NOROESTE,JUJUY,True,20.5
2022,5,NOROESTE,LA RIOJA,True,0.2
2022,5,CUYO,SAN JUAN,True,0.4
2022,5,CENTRO,SAN LUIS,True,0.6
2022,5,CENTRO,SAN LUIS,True,0.5
2022,5,CENTRO,SAN LUIS,True,3.0
2022,5,CUYO,SAN JUAN,True,0.3
2022,5,NOROESTE,CATAMARCA,True,1.9
2022,5,CUYO,SAN JUAN,True,16.7
2022,5,CUYO,SAN JUAN,True,0.4
2022,5,CUYO,SAN JUAN,True,0.4
2022,5,CUYO,SAN JUAN,True,0.0
2022,5,CUYO,SAN JUAN,True,13.0
2022,5,NOROESTE,LA RIOJA,True,2.5
2022,5,CUYO,SAN JUAN,True,0.2
2022,5,NOROESTE,SALTA,True,19.0
2022,5,NOROESTE,LA RIOJA,True,4.9
2022,5,CUYO,MENDOZA,True,0.1
2022,5,CUYO,MENDOZA,True,0.7
2022,5,NOROESTE,CATAMARCA,True,3.5
2022,5,CUYO,SAN JUAN,True,0.1
2022,5,CUYO,SAN JUAN,True,0.1
2022,5,CENTRO,SAN LUIS,True,0.6
2022,5,CUYO,SAN JUAN,True,0.5
2022,5,NOROESTE,CATAMARCA,True,1.1
2022,5,NOROESTE,CATAMARCA,True,2.3
2022,5,CENTRO,SAN LUIS,True,0.0
2022,5,CUYO,SAN JUAN,True,0.9
2022,5,CUYO,SAN JUAN,True,4.5
2022,5,CUYO,SAN JUAN,True,1.8
2022,5,CUYO,SAN JUAN,True,3.4
2022,5,CUYO,SAN JUAN,True,3.5
2022,5,CUYO,MENDOZA,True,0.7
2022,5,NOROESTE,CATAMARCA,True,1.4
2022,6,CUYO,SAN JUAN,True,0.3
2022,6,CUYO,SAN JUAN,True,0.3
2022,6,CUYO,SAN JUAN,True,0.4
2022,6,CUYO,SAN JUAN,True,0.0
2022,6,CUYO,SAN JUAN,True,0.1
2022,6,CENTRO,SAN LUIS,True,2.7
2022,6,CUYO,SAN JUAN,True,0.1
2022,6,CENTRO,SAN LUIS,True,2.6
2022,6,CUYO,SAN JUAN,True,0.2
2022,6,NOROESTE,LA RIOJA,True,0.2
2022,6,NOROESTE,LA RIOJA,True,4.8
2022,6,NOROESTE,CATAMARCA,True,3.3
2022,6,CUYO,SAN JUAN,True,2.4
2022,6,CUYO,SAN JUAN,True,2.4
2022,6,CUYO,SAN JUAN,True,3.2
2022,6,CUYO,SAN JUAN,True,10.4
2022,6,NOROESTE,LA RIOJA,True,2.2
2022,6,CENTRO,SAN LUIS,True,0.4
2022,6,NOROESTE,CATAMARCA,True,2.2
2022,6,NOROESTE,CATAMARCA,True,1.0
2022,6,CUYO,SAN JUAN,True,1.3
2022,6,NOROESTE,SALTA,True,13.8
2022,6,CUYO,MENDOZA,True,0.1
2022,6,CUYO,SAN JUAN,True,0.6
2022,6,NOROESTE,CATAMARCA,True,1.6
2022,6,CENTRO,SAN LUIS,True,0.4
2022,6,CENTRO,SAN LUIS,True,0.4
2022,6,CENTRO,SAN LUIS,True,0.0
2022,6,CUYO,SAN JUAN,True,0.3
2022,6,CUYO,MENDOZA,True,0.6
2022,6,CUYO,SAN JUAN,True,0.3
2022,6,CUYO,SAN JUAN,True,0.4
2022,6,NOROESTE,JUJUY,True,16.4
2022,6,NOROESTE,JUJUY,True,16.8
2022,6,NOROESTE,JUJUY,True,16.9
2022,6,CUYO,SAN JUAN,True,13.1
2022,6,NOROESTE,SALTA,True,17.5
2022,6,NOROESTE,SALTA,True,16.8
2022,6,CUYO,MENDOZA,True,0.6
2022,6,NOROESTE,CATAMARCA,True,1.4
2022,7,NOROESTE,SALTA,True,17.3
2022,7,CUYO,SAN JUAN,True,0.3
2022,7,NOROESTE,SALTA,True,14.4
2022,7,CENTRO,SAN LUIS,True,3.1
2022,7,NOROESTE,JUJUY,True,17.1
2022,7,NOROESTE,JUJUY,True,17.2
2022,7,NOROESTE,JUJUY,True,17.3
2022,7,NOROESTE,LA RIOJA,True,0.2
2022,7,CUYO,SAN JUAN,True,0.4
2022,7,CENTRO,SAN LUIS,True,0.5
2022,7,CENTRO,SAN LUIS,True,0.5
2022,7,CENTRO,SAN LUIS,True,3.2
2022,7,CUYO,SAN JUAN,True,0.3
2022,7,NOROESTE,CATAMARCA,True,1.7
2022,7,CUYO,SAN JUAN,True,17.0
2022,7,CUYO,SAN JUAN,True,0.4
2022,7,CUYO,SAN JUAN,True,0.5
2022,7,CUYO,SAN JUAN,True,0.0
2022,7,CUYO,SAN JUAN,True,13.0
2022,7,NOROESTE,LA RIOJA,True,2.6
2022,7,CUYO,SAN JUAN,True,0.2
2022,7,NOROESTE,SALTA,True,18.1
2022,7,NOROESTE,LA RIOJA,True,5.4
2022,7,CUYO,MENDOZA,True,0.1
2022,7,CUYO,MENDOZA,True,0.8
2022,7,NOROESTE,CATAMARCA,True,3.7
2022,7,CUYO,SAN JUAN,True,0.1
2022,7,CUYO,SAN JUAN,True,0.1
2022,7,CENTRO,SAN LUIS,True,0.5
2022,7,CUYO,SAN JUAN,True,0.5
2022,7,NOROESTE,CATAMARCA,True,1.2
2022,7,NOROESTE,CATAMARCA,True,2.5
2022,7,CENTRO,SAN LUIS,True,0.0
2022,7,CUYO,SAN JUAN,True,0.9
2022,7,CUYO,SAN JUAN,True,4.6
2022,7,CUYO,SAN JUAN,True,1.8
2022,7,CUYO,SAN JUAN,True,3.5
2022,7,CUYO,SAN JUAN,True,3.5
2022,7,CUYO,MENDOZA,True,0.7
2022,7,NOROESTE,CATAMARCA,True,1.4
2022,7,NOROESTE,CATAMARCA,True,0.0
2022,7,NOROESTE,CATAMARCA,True,0.0
2022,7,NOROESTE,CATAMARCA,True,0.0
2022,8,CUYO,SAN JUAN,True,0.6
2022,8,CUYO,SAN JUAN,True,0.6
2022,8,CUYO,SAN JUAN,True,0.6
2022,8,CUYO,SAN JUAN,True,0.0
2022,8,CUYO,SAN JUAN,True,0.2
2022,8,CENTRO,SAN LUIS,True,4.3
2022,8,CUYO,SAN JUAN,True,0.1
2022,8,CENTRO,SAN LUIS,True,4.3
2022,8,CUYO,SAN JUAN,True,0.3
2022,8,NOROESTE,LA RIOJA,True,0.3
2022,8,NOROESTE,LA RIOJA,True,6.9
2022,8,NOROESTE,CATAMARCA,True,4.1
2022,8,CUYO,SAN JUAN,True,4.7
2022,8,CUYO,SAN JUAN,True,4.8
2022,8,CUYO,SAN JUAN,True,5.9
2022,8,CUYO,SAN JUAN,True,16.9
2022,8,NOROESTE,LA RIOJA,True,3.5
2022,8,CENTRO,SAN LUIS,True,0.7
2022,8,NOROESTE,CATAMARCA,True,2.8
2022,8,NOROESTE,CATAMARCA,True,1.3
2022,8,CUYO,SAN JUAN,True,2.5
2022,8,NOROESTE,SALTA,True,18.3
2022,8,CUYO,MENDOZA,True,0.2
2022,8,CUYO,SAN JUAN,True,1.2
2022,8,NOROESTE,CATAMARCA,True,1.9
2022,8,CENTRO,SAN LUIS,True,0.8
2022,8,CENTRO,SAN LUIS,True,0.8
2022,8,CENTRO,SAN LUIS,True,0.0
2022,8,CUYO,SAN JUAN,True,0.4
2022,8,CUYO,MENDOZA,True,1.0
2022,8,CUYO,SAN JUAN,True,0.4
2022,8,CUYO,SAN JUAN,True,0.7
2022,8,NOROESTE,JUJUY,True,22.8
2022,8,NOROESTE,JUJUY,True,22.6
2022,8,NOROESTE,JUJUY,True,22.7
2022,8,CUYO,SAN JUAN,True,21.8
2022,8,NOROESTE,SALTA,True,23.8
2022,8,NOROESTE,SALTA,True,23.0
2022,8,CUYO,MENDOZA,True,1.0
2022,8,NOROESTE,CATAMARCA,True,1.9
2022,8,NOROESTE,CATAMARCA,True,0.0
2022,8,NOROESTE,CATAMARCA,True,0.1
2022,8,NOROESTE,CATAMARCA,True,0.1
2022,9,CUYO,SAN JUAN,True,0.6
2022,9,CUYO,SAN JUAN,True,0.6
2022,9,CUYO,SAN JUAN,True,0.6
2022,9,CUYO,SAN JUAN,True,0.0
2022,9,CUYO,SAN JUAN,True,0.2
2022,9,CENTRO,SAN LUIS,True,4.9
2022,9,CUYO,SAN JUAN,True,0.1
2022,9,CENTRO,SAN LUIS,True,4.7
2022,9,CUYO,SAN JUAN,True,0.3
2022,9,NOROESTE,LA RIOJA,True,0.3
2022,9,NOROESTE,LA RIOJA,True,7.4
2022,9,NOROESTE,CATAMARCA,True,4.6
2022,9,CUYO,SAN JUAN,True,5.2
2022,9,CUYO,SAN JUAN,True,5.3
2022,9,CUYO,SAN JUAN,True,6.9
2022,9,CUYO,SAN JUAN,True,18.7
2022,9,NOROESTE,LA RIOJA,True,3.6
2022,9,CENTRO,SAN LUIS,True,0.8
2022,9,NOROESTE,CATAMARCA,True,3.4
2022,9,NOROESTE,CATAMARCA,True,1.6
2022,9,CUYO,SAN JUAN,True,2.8
2022,9,NOROESTE,SALTA,True,20.2
2022,9,CUYO,MENDOZA,True,0.2
2022,9,CUYO,SAN JUAN,True,1.4
2022,9,NOROESTE,CATAMARCA,True,2.1
2022,9,CENTRO,SAN LUIS,True,0.9
2022,9,CENTRO,SAN LUIS,True,0.9
2022,9,CENTRO,SAN LUIS,True,0.0
2022,9,CUYO,SAN JUAN,True,0.5
2022,9,CUYO,MENDOZA,True,1.2
2022,9,CUYO,SAN JUAN,True,0.5
2022,9,CUYO,SAN JUAN,True,0.7
2022,9,NOROESTE,JUJUY,True,26.2
2022,9,NOROESTE,JUJUY,True,25.8
2022,9,NOROESTE,JUJUY,True,26.3
2022,9,CUYO,SAN JUAN,True,24.4
2022,9,NOROESTE,SALTA,True,26.9
2022,9,NOROESTE,SALTA,True,25.8
2022,9,CUYO,MENDOZA,True,1.2
2022,9,NOROESTE,CATAMARCA,True,2.4
2022,9,NOROESTE,CATAMARCA,True,0.0
2022,9,NOROESTE,CATAMARCA,True,0.0
2022,9,NOROESTE,CATAMARCA,True,0.0
2022,10,CUYO,SAN JUAN,True,0.7
2022,10,CUYO,SAN JUAN,True,0.6
2022,10,CUYO,SAN JUAN,True,0.7
2022,10,CUYO,SAN JUAN,True,0.0
2022,10,CUYO,SAN JUAN,True,0.2
2022,10,CENTRO,SAN LUIS,True,6.5
2022,10,CUYO,SAN JUAN,True,0.1
2022,10,CENTRO,SAN LUIS,True,6.3
2022,10,CUYO,SAN JUAN,True,0.3
2022,10,NOROESTE,LA RIOJA,True,0.3
2022,10,NOROESTE,LA RIOJA,True,9.7
2022,10,NOROESTE,CATAMARCA,True,6.0
2022,10,CUYO,SAN JUAN,True,6.6
2022,10,CUYO,SAN JUAN,True,6.9
2022,10,CUYO,SAN JUAN,True,8.9
2022,10,CUYO,SAN JUAN,True,23.3
2022,10,NOROESTE,LA RIOJA,True,4.2
2022,10,CENTRO,SAN LUIS,True,1.1
2022,10,NOROESTE,CATAMARCA,True,4.1
2022,10,NOROESTE,CATAMARCA,True,1.9
2022,10,CUYO,SAN JUAN,True,3.5
2022,10,NOROESTE,SALTA,True,24.4
2022,10,CUYO,MENDOZA,True,0.3
2022,10,CUYO,SAN JUAN,True,1.7
2022,10,NOROESTE,CATAMARCA,True,2.6
2022,10,CENTRO,SAN LUIS,True,1.0
2022,10,CENTRO,SAN LUIS,True,1.0
2022,10,CENTRO,SAN LUIS,True,0.0
2022,10,CUYO,SAN JUAN,True,0.6
2022,10,CUYO,MENDOZA,True,1.5
2022,10,CUYO,SAN JUAN,True,0.7
2022,10,CUYO,SAN JUAN,True,0.8
2022,10,NOROESTE,JUJUY,True,31.2
2022,10,NOROESTE,JUJUY,True,30.3
2022,10,NOROESTE,JUJUY,True,31.0
2022,10,CUYO,SAN JUAN,True,28.5
2022,10,NOROESTE,SALTA,True,32.6
2022,10,NOROESTE,SALTA,True,30.8
2022,10,CUYO,MENDOZA,True,1.4
2022,10,NOROESTE,CATAMARCA,True,2.8
2022,10,NOROESTE,CATAMARCA,True,0.0
2022,10,NOROESTE,CATAMARCA,True,0.1
2022,10,NOROESTE,CATAMARCA,True,0.1
2022,11,CUYO,SAN JUAN,True,0.6
2022,11,CUYO,SAN JUAN,True,0.6
2022,11,CUYO,SAN JUAN,True,0.6
2022,11,CUYO,SAN JUAN,True,0.0
2022,11,CUYO,SAN JUAN,True,0.2
2022,11,CENTRO,SAN LUIS,True,6.6
2022,11,CUYO,SAN JUAN,True,0.1
2022,11,CENTRO,SAN LUIS,True,6.5
2022,11,CUYO,SAN JUAN,True,0.4
2022,11,NOROESTE,LA RIOJA,True,0.3
2022,11,NOROESTE,LA RIOJA,True,9.0
2022,11,NOROESTE,CATAMARCA,True,5.8
2022,11,CUYO,SAN JUAN,True,6.5
2022,11,CUYO,SAN JUAN,True,6.7
2022,11,CUYO,SAN JUAN,True,8.6
2022,11,CUYO,SAN JUAN,True,22.7
2022,11,NOROESTE,LA RIOJA,True,4.1
2022,11,CENTRO,SAN LUIS,True,1.1
2022,11,NOROESTE,CATAMARCA,True,3.6
2022,11,NOROESTE,CATAMARCA,True,1.6
2022,11,CUYO,SAN JUAN,True,2.6
2022,11,NOROESTE,SALTA,True,21.2
2022,11,CUYO,MENDOZA,True,0.3
2022,11,CUYO,SAN JUAN,True,1.3
2022,11,NOROESTE,CATAMARCA,True,2.6
2022,11,CENTRO,SAN LUIS,True,1.0
2022,11,CENTRO,SAN LUIS,True,1.0
2022,11,CENTRO,SAN LUIS,True,0.0
2022,11,CUYO,SAN JUAN,True,0.6
2022,11,CUYO,MENDOZA,True,1.5
2022,11,CUYO,SAN JUAN,True,0.7
2022,11,CUYO,SAN JUAN,True,0.8
2022,11,NOROESTE,JUJUY,True,30.2
2022,11,NOROESTE,JUJUY,True,29.9
2022,11,NOROESTE,JUJUY,True,29.9
2022,11,CUYO,SAN JUAN,True,28.4
2022,11,NOROESTE,SALTA,True,31.5
2022,11,NOROESTE,SALTA,True,29.8
2022,11,CUYO,MENDOZA,True,1.4
2022,11,NOROESTE,CATAMARCA,True,2.6
2022,11,NOROESTE,CATAMARCA,True,0.0
2022,11,NOROESTE,CATAMARCA,True,0.0
2022,11,NOROESTE,CATAMARCA,True,0.1
2022,11,CENTRO,SAN LUIS,True,0.4
2022,12,NOROESTE,SALTA,True,28.4
2022,12,CUYO,SAN JUAN,True,0.7
2022,12,NOROESTE,CATAMARCA,True,0.0
2022,12,NOROESTE,CATAMARCA,True,0.0
2022,12,NOROESTE,CATAMARCA,True,0.1
2022,12,NOROESTE,SALTA,True,19.8
2022,12,CENTRO,SAN LUIS,True,7.4
2022,12,NOROESTE,JUJUY,True,27.7
2022,12,NOROESTE,JUJUY,True,27.6
2022,12,NOROESTE,JUJUY,True,28.0
2022,12,NOROESTE,LA RIOJA,True,0.3
2022,12,CUYO,SAN JUAN,True,0.7
2022,12,CENTRO,SAN LUIS,True,1.0
2022,12,CENTRO,SAN LUIS,True,1.2
2022,12,CENTRO,SAN LUIS,True,3.4
2022,12,CENTRO,SAN LUIS,True,7.1
2022,12,CUYO,SAN JUAN,True,0.6
2022,12,NOROESTE,CATAMARCA,True,2.8
2022,12,CUYO,SAN JUAN,True,28.9
2022,12,CUYO,MENDOZA,True,1.5
2022,12,CUYO,SAN JUAN,True,0.7
2022,12,CUYO,SAN JUAN,True,0.7
2022,12,CUYO,SAN JUAN,True,0.0
2022,12,CUYO,SAN JUAN,True,22.9
2022,12,NOROESTE,LA RIOJA,True,4.1
2022,12,CUYO,SAN JUAN,True,0.4
2022,12,NOROESTE,SALTA,True,30.0
2022,12,NOROESTE,LA RIOJA,True,9.4
2022,12,CUYO,MENDOZA,True,0.3
2022,12,CUYO,MENDOZA,True,1.6
2022,12,NOROESTE,CATAMARCA,True,5.7
2022,12,CUYO,SAN JUAN,True,0.1
2022,12,CUYO,SAN JUAN,True,0.2
2022,12,CENTRO,SAN LUIS,True,1.0
2022,12,CUYO,SAN JUAN,True,0.8
2022,12,NOROESTE,CATAMARCA,True,1.7
2022,12,NOROESTE,CATAMARCA,True,3.9
2022,12,NOROESTE,CATAMARCA,True,2.5
2022,12,CENTRO,SAN LUIS,True,0.1
2022,12,CUYO,SAN JUAN,True,1.1
2022,12,CUYO,SAN JUAN,True,9.0
2022,12,CUYO,SAN JUAN,True,2.5
2022,12,CUYO,SAN JUAN,True,6.8
2022,12,CUYO,SAN JUAN,True,7.1
2023,1,CUYO,SAN JUAN,True,0.6
2023,1,CUYO,SAN JUAN,True,0.7
2023,1,CUYO,SAN JUAN,True,0.6
2023,1,CUYO,SAN JUAN,True,0.0
2023,1,CUYO,SAN JUAN,True,0.2
2023,1,CENTRO,SAN LUIS,True,6.7
2023,1,CUYO,SAN JUAN,True,0.1
2023,1,CENTRO,SAN LUIS,True,6.5
2023,1,CUYO,SAN JUAN,True,0.4
2023,1,NOROESTE,LA RIOJA,True,0.2
2023,1,NOROESTE,LA RIOJA,True,8.7
2023,1,NOROESTE,CATAMARCA,True,5.6
2023,1,CUYO,SAN JUAN,True,6.8
2023,1,CUYO,SAN JUAN,True,6.9
2023,1,CUYO,SAN JUAN,True,8.9
2023,1,CUYO,SAN JUAN,True,23.1
2023,1,NOROESTE,LA RIOJA,True,4.0
2023,1,CENTRO,SAN LUIS,True,1.1
2023,1,NOROESTE,CATAMARCA,True,3.7
2023,1,NOROESTE,CATAMARCA,True,1.7
2023,1,CUYO,SAN JUAN,True,3.1
2023,1,NOROESTE,SALTA,True,20.4
2023,1,CUYO,MENDOZA,True,0.3
2023,1,CUYO,SAN JUAN,True,0.6
2023,1,NOROESTE,CATAMARCA,True,2.3
2023,1,CENTRO,SAN LUIS,True,0.9
2023,1,CENTRO,SAN LUIS,True,0.9
2023,1,CENTRO,SAN LUIS,True,0.1
2023,1,CUYO,SAN JUAN,True,0.5
2023,1,CUYO,MENDOZA,True,1.4
2023,1,CUYO,SAN JUAN,True,0.7
2023,1,CUYO,SAN JUAN,True,0.8
2023,1,NOROESTE,JUJUY,True,28.4
2023,1,NOROESTE,JUJUY,True,28.2
2023,1,NOROESTE,JUJUY,True,28.5
2023,1,CUYO,SAN JUAN,True,29.0
2023,1,NOROESTE,SALTA,True,30.9
2023,1,NOROESTE,SALTA,True,29.2
2023,1,CUYO,MENDOZA,True,1.5
2023,1,NOROESTE,CATAMARCA,True,2.5
2023,1,NOROESTE,CATAMARCA,True,0.0
2023,1,NOROESTE,CATAMARCA,True,0.0
2023,1,NOROESTE,CATAMARCA,True,0.1
2023,1,CENTRO,SAN LUIS,True,3.1
2023,1,CUYO,SAN JUAN,True,5.7
2023,2,CUYO,SAN JUAN,True,0.5
2023,2,CUYO,SAN JUAN,True,0.6
2023,2,CUYO,SAN JUAN,True,0.6
2023,2,CUYO,SAN JUAN,True,0.0
2023,2,CUYO,SAN JUAN,True,0.2
2023,2,CENTRO,SAN LUIS,True,6.1
2023,2,CUYO,SAN JUAN,True,0.1
2023,2,CENTRO,SAN LUIS,True,6.1
2023,2,CUYO,SAN JUAN,True,0.3
2023,2,NOROESTE,LA RIOJA,True,0.3
2023,2,NOROESTE,LA RIOJA,True,7.9
2023,2,NOROESTE,CATAMARCA,True,4.8
2023,2,CUYO,SAN JUAN,True,5.9
2023,2,CUYO,SAN JUAN,True,6.0
2023,2,CUYO,SAN JUAN,True,7.5
2023,2,CUYO,SAN JUAN,True,19.8
2023,2,NOROESTE,LA RIOJA,True,4.1
2023,2,CENTRO,SAN LUIS,True,1.0
2023,2,NOROESTE,CATAMARCA,True,3.2
2023,2,NOROESTE,CATAMARCA,True,1.5
2023,2,CUYO,SAN JUAN,True,2.7
2023,2,NOROESTE,SALTA,True,18.4
2023,2,CUYO,MENDOZA,True,0.3
2023,2,CUYO,SAN JUAN,True,0.4
2023,2,NOROESTE,CATAMARCA,True,2.2
2023,2,CENTRO,SAN LUIS,True,0.9
2023,2,CENTRO,SAN LUIS,True,0.9
2023,2,CENTRO,SAN LUIS,True,0.0
2023,2,CUYO,SAN JUAN,True,0.4
2023,2,CUYO,MENDOZA,True,1.3
2023,2,CUYO,SAN JUAN,True,0.6
2023,2,CUYO,SAN JUAN,True,0.7
2023,2,NOROESTE,JUJUY,True,23.8
2023,2,NOROESTE,JUJUY,True,23.6
2023,2,NOROESTE,JUJUY,True,24.0
2023,2,CUYO,SAN JUAN,True,25.6
2023,2,NOROESTE,SALTA,True,25.9
2023,2,NOROESTE,SALTA,True,24.6
2023,2,CUYO,MENDOZA,True,1.4
2023,2,NOROESTE,CATAMARCA,True,2.2
2023,2,NOROESTE,CATAMARCA,True,0.0
2023,2,NOROESTE,CATAMARCA,True,0.0
2023,2,NOROESTE,CATAMARCA,True,0.0
2023,2,CENTRO,SAN LUIS,True,2.9
2023,2,CUYO,SAN JUAN,True,11.8
2023,2,CUYO,SAN JUAN,True,0.1
2023,2,CENTRO,CORDOBA,True,0.8
2023,2,CENTRO,CORDOBA,True,0.4
2023,3,CUYO,SAN JUAN,True,0.5
2023,3,CUYO,SAN JUAN,True,0.6
2023,3,CUYO,SAN JUAN,True,0.6
2023,3,CUYO,SAN JUAN,True,0.0
2023,3,CUYO,SAN JUAN,True,0.1
2023,3,CENTRO,SAN LUIS,True,5.1
2023,3,CUYO,SAN JUAN,True,0.1
2023,3,CENTRO,SAN LUIS,True,4.7
2023,3,CUYO,SAN JUAN,True,0.3
2023,3,NOROESTE,LA RIOJA,True,0.3
2023,3,NOROESTE,LA RIOJA,True,7.2
2023,3,NOROESTE,CATAMARCA,True,5.1
2023,3,CUYO,SAN JUAN,True,5.3
2023,3,CUYO,SAN JUAN,True,5.4
2023,3,CUYO,SAN JUAN,True,6.7
2023,3,CUYO,SAN JUAN,True,20.2
2023,3,NOROESTE,LA RIOJA,True,3.0
2023,3,CENTRO,SAN LUIS,True,0.8
2023,3,NOROESTE,CATAMARCA,True,3.1
2023,3,NOROESTE,CATAMARCA,True,1.4
2023,3,CUYO,SAN JUAN,True,2.5
2023,3,NOROESTE,SALTA,True,18.6
2023,3,CUYO,MENDOZA,True,0.2
2023,3,CUYO,SAN JUAN,True,0.6
2023,3,NOROESTE,CATAMARCA,True,2.2
2023,3,CENTRO,SAN LUIS,True,0.8
2023,3,CENTRO,SAN LUIS,True,0.8
2023,3,CENTRO,SAN LUIS,True,0.0
2023,3,CUYO,SAN JUAN,True,0.4
2023,3,CUYO,MENDOZA,True,1.1
2023,3,CUYO,SAN JUAN,True,0.5
2023,3,CUYO,SAN JUAN,True,0.6
2023,3,NOROESTE,JUJUY,True,24.4
2023,3,NOROESTE,JUJUY,True,24.1
2023,3,NOROESTE,JUJUY,True,24.2
2023,3,CUYO,SAN JUAN,True,26.8
2023,3,NOROESTE,SALTA,True,26.8
2023,3,NOROESTE,SALTA,True,26.0
2023,3,CUYO,MENDOZA,True,1.1
2023,3,NOROESTE,CATAMARCA,True,2.2
2023,3,NOROESTE,CATAMARCA,True,0.0
2023,3,NOROESTE,CATAMARCA,True,0.0
2023,3,NOROESTE,CATAMARCA,True,0.1
2023,3,CENTRO,SAN LUIS,True,2.2
2023,3,CUYO,SAN JUAN,True,12.1
2023,3,CUYO,SAN JUAN,True,0.1
2023,3,CENTRO,CORDOBA,True,0.2
2023,3,CENTRO,CORDOBA,True,0.1
2023,4,CUYO,SAN JUAN,True,0.4
2023,4,CUYO,SAN JUAN,True,0.5
2023,4,CUYO,SAN JUAN,True,0.5
2023,4,CUYO,SAN JUAN,True,0.0
2023,4,CUYO,SAN JUAN,True,0.1
2023,4,CENTRO,SAN LUIS,True,3.7
2023,4,CUYO,SAN JUAN,True,0.1
2023,4,CENTRO,SAN LUIS,True,3.4
2023,4,CUYO,SAN JUAN,True,0.2
2023,4,NOROESTE,LA RIOJA,True,0.2
2023,4,NOROESTE,LA RIOJA,True,5.4
2023,4,NOROESTE,CATAMARCA,True,3.9
2023,4,CUYO,SAN JUAN,True,4.1
2023,4,CUYO,SAN JUAN,True,4.3
2023,4,CUYO,SAN JUAN,True,5.3
2023,4,CUYO,SAN JUAN,True,15.7
2023,4,NOROESTE,LA RIOJA,True,2.3
2023,4,CENTRO,SAN LUIS,True,0.6
2023,4,NOROESTE,CATAMARCA,True,2.6
2023,4,NOROESTE,CATAMARCA,True,1.2
2023,4,CUYO,SAN JUAN,True,2.1
2023,4,NOROESTE,SALTA,True,16.4
2023,4,CUYO,MENDOZA,True,0.2
2023,4,CUYO,SAN JUAN,True,0.7
2023,4,NOROESTE,CATAMARCA,True,2.1
2023,4,CENTRO,SAN LUIS,True,0.6
2023,4,CENTRO,SAN LUIS,True,0.7
2023,4,CENTRO,SAN LUIS,True,0.0
2023,4,CUYO,SAN JUAN,True,0.4
2023,4,CUYO,MENDOZA,True,0.9
2023,4,CUYO,SAN JUAN,True,0.4
2023,4,CUYO,SAN JUAN,True,0.6
2023,4,NOROESTE,JUJUY,True,23.1
2023,4,NOROESTE,JUJUY,True,22.9
2023,4,NOROESTE,JUJUY,True,23.1
2023,4,CUYO,SAN JUAN,True,20.8
2023,4,NOROESTE,SALTA,True,23.7
2023,4,NOROESTE,SALTA,True,22.4
2023,4,CUYO,MENDOZA,True,0.9
2023,4,NOROESTE,CATAMARCA,True,1.6
2023,4,NOROESTE,CATAMARCA,True,0.0
2023,4,NOROESTE,CATAMARCA,True,0.0
2023,4,NOROESTE,CATAMARCA,True,0.0
2023,4,CENTRO,SAN LUIS,True,1.6
2023,4,CUYO,SAN JUAN,True,11.5
2023,4,CENTRO,CORDOBA,True,1.7
2023,4,CENTRO,CORDOBA,True,0.8
2023,4,CUYO,SAN JUAN,True,0.1
2023,4,CUYO,SAN JUAN,True,3.8
2023,5,CUYO,SAN JUAN,True,0.4
2023,5,CUYO,SAN JUAN,True,0.5
2023,5,CUYO,SAN JUAN,True,0.5
2023,5,CUYO,SAN JUAN,True,0.0
2023,5,CUYO,SAN JUAN,True,0.1
2023,5,CENTRO,SAN LUIS,True,3.3
2023,5,CUYO,SAN JUAN,True,0.1
2023,5,CENTRO,SAN LUIS,True,3.2
2023,5,CUYO,SAN JUAN,True,0.2
2023,5,NOROESTE,LA RIOJA,True,0.2
2023,5,NOROESTE,LA RIOJA,True,5.0
2023,5,NOROESTE,CATAMARCA,True,3.7
2023,5,CUYO,SAN JUAN,True,3.8
2023,5,CUYO,SAN JUAN,True,3.9
2023,5,CUYO,SAN JUAN,True,4.9
2023,5,CUYO,SAN JUAN,True,14.1
2023,5,NOROESTE,LA RIOJA,True,2.0
2023,5,CENTRO,SAN LUIS,True,0.5
2023,5,NOROESTE,CATAMARCA,True,2.2
2023,5,NOROESTE,CATAMARCA,True,1.1
2023,5,CUYO,SAN JUAN,True,1.9
2023,5,NOROESTE,SALTA,True,14.5
2023,5,CUYO,MENDOZA,True,0.1
2023,5,CUYO,SAN JUAN,True,0.6
2023,5,NOROESTE,CATAMARCA,True,1.9
2023,5,CENTRO,SAN LUIS,True,0.6
2023,5,CENTRO,SAN LUIS,True,0.6
2023,5,CENTRO,SAN LUIS,True,0.0
2023,5,CUYO,SAN JUAN,True,0.3
2023,5,CUYO,MENDOZA,True,0.8
2023,5,CUYO,SAN JUAN,True,0.4
2023,5,CUYO,SAN JUAN,True,0.5
2023,5,NOROESTE,JUJUY,True,19.6
2023,5,NOROESTE,JUJUY,True,19.1
2023,5,NOROESTE,JUJUY,True,19.7
2023,5,CUYO,SAN JUAN,True,18.3
2023,5,NOROESTE,SALTA,True,1.5
2023,5,NOROESTE,SALTA,True,0.0
2023,5,CUYO,MENDOZA,True,0.7
2023,5,NOROESTE,CATAMARCA,True,1.7
2023,5,NOROESTE,CATAMARCA,True,0.0
2023,5,NOROESTE,CATAMARCA,True,0.0
2023,5,NOROESTE,CATAMARCA,True,0.0
2023,5,CENTRO,SAN LUIS,True,1.5
2023,5,CUYO,SAN JUAN,True,10.8
2023,5,CENTRO,CORDOBA,True,0.8
2023,5,CENTRO,CORDOBA,True,1.7
2023,5,CUYO,SAN JUAN,True,0.1
2023,5,CUYO,SAN JUAN,True,13.3
2023,5,CUYO,SAN JUAN,True,0.7
2023,6,CUYO,SAN JUAN,True,0.3
2023,6,CUYO,SAN JUAN,True,0.4
2023,6,CUYO,SAN JUAN,True,0.4
2023,6,CUYO,SAN JUAN,True,0.0
2023,6,CUYO,SAN JUAN,True,0.1
2023,6,CENTRO,SAN LUIS,True,2.7
2023,6,CUYO,SAN JUAN,True,0.1
2023,6,CENTRO,SAN LUIS,True,2.7
2023,6,CUYO,SAN JUAN,True,0.1
2023,6,NOROESTE,LA RIOJA,True,0.2
2023,6,NOROESTE,LA RIOJA,True,4.5
2023,6,NOROESTE,CATAMARCA,True,3.2
2023,6,CUYO,SAN JUAN,True,2.7
2023,6,CUYO,SAN JUAN,True,2.7
2023,6,CUYO,SAN JUAN,True,3.2
2023,6,CUYO,SAN JUAN,True,12.2
2023,6,NOROESTE,LA RIOJA,True,1.5
2023,6,CENTRO,SAN LUIS,True,0.5
2023,6,NOROESTE,CATAMARCA,True,2.1
2023,6,NOROESTE,CATAMARCA,True,1.0
2023,6,CUYO,SAN JUAN,True,1.3
2023,6,NOROESTE,SALTA,True,12.1
2023,6,CUYO,MENDOZA,True,0.1
2023,6,CUYO,SAN JUAN,True,0.4
2023,6,NOROESTE,CATAMARCA,True,1.5
2023,6,CENTRO,SAN LUIS,True,0.4
2023,6,CENTRO,SAN LUIS,True,0.4
2023,6,CENTRO,SAN LUIS,True,0.0
2023,6,CUYO,SAN JUAN,True,0.2
2023,6,CUYO,MENDOZA,True,0.6
2023,6,CUYO,SAN JUAN,True,0.3
2023,6,CUYO,SAN JUAN,True,0.4
2023,6,NOROESTE,JUJUY,True,17.9
2023,6,NOROESTE,JUJUY,True,18.0
2023,6,NOROESTE,JUJUY,True,17.6
2023,6,CUYO,SAN JUAN,True,15.4
2023,6,NOROESTE,SALTA,True,15.9
2023,6,NOROESTE,SALTA,True,5.6
2023,6,CUYO,MENDOZA,True,0.6
2023,6,NOROESTE,CATAMARCA,True,1.5
2023,6,NOROESTE,CATAMARCA,True,0.0
2023,6,NOROESTE,CATAMARCA,True,0.0
2023,6,NOROESTE,CATAMARCA,True,0.0
2023,6,CENTRO,SAN LUIS,True,1.2
2023,6,CUYO,SAN JUAN,True,7.2
2023,6,CENTRO,CORDOBA,True,0.8
2023,6,CENTRO,CORDOBA,True,1.6
2023,6,CUYO,SAN JUAN,True,0.1
2023,6,CUYO,SAN JUAN,True,14.9
2023,6,CUYO,SAN JUAN,True,1.7
2023,6,CENTRO,SAN LUIS,True,1.8
